"Gene","node","ORF","SGD","ENTREZID","ENSEMBL","DESCRIPTION"
"ABF1","Regulator","YKL112W","S000001595","853748","YKL112W","DNA binding protein with possible chromatin-reorganizing activity; involved in transcriptional activation, gene silencing, and DNA replication and repair"
"ACA1","Regulator","YER045C","S000000847","856769","YER045C","ATF/CREB family basic leucine zipper (bZIP) transcription factor; binds as a homodimer to the ATF/CREB consensus sequence TGACGTCA; important for carbon source utilization; target genes include GRE2 and COS8; ACA1 has a paralog, CST6, that arose from the whole genome duplication"
"ACE2","Regulator","YLR131C","S000004121","850822","YLR131C","Transcription factor required for septum destruction after cytokinesis; phosphorylation by Cbk1p blocks nuclear exit during M/G1 transition, causing localization to daughter cell nuclei, and also increases Ace2p activity; phosphorylation by Cdc28p and Pho85p prevents nuclear import during cell cycle phases other than cytokinesis; part of RAM network that regulates cellular polarity and morphogenesis; ACE2 has a paralog, SWI5, that arose from the whole genome duplication"
"ADR1","Regulator","YDR216W","S000002624","851802","YDR216W","Carbon source-responsive zinc-finger transcription factor; required for transcription of the glucose-repressed gene ADH2, of peroxisomal protein genes, and of genes required for ethanol, glycerol, and fatty acid utilization"
"AFT1","Regulator","YGL071W","S000003039","852809","YGL071W","Transcription factor involved in iron utilization and homeostasis; binds consensus site PyPuCACCCPu and activates transcription in response to changes in iron availability; in iron-replete conditions localization is regulated by Grx3p, Grx4p, and Fra2p, and promoter binding is negatively regulated via Grx3p-Grx4p binding; AFT1 has a paralog, AFT2, that arose from the whole genome duplication; relative distribution to the nucleus increases upon DNA replication stress"
"AFT2","Regulator","YPL202C","S000006123","855899","YPL202C","Iron-regulated transcriptional activator; activates genes involved in intracellular iron use and required for iron homeostasis and resistance to oxidative stress; AFT2 has a paralog, AFT1, that arose from the whole genome duplication"
"ARG8","Regulator","YOL140W","S000005500","854025","YOL140W","Acetylornithine aminotransferase; catalyzes the fourth step in the biosynthesis of the arginine precursor ornithine"
"ARR1","Regulator","YPR199C","S000006403","856329","YPR199C","Transcriptional activator of the basic leucine zipper (bZIP) family; required for transcription of genes involved in resistance to arsenic compounds; directly binds trivalent arsenic (As(III)) as does K. lactis ortholog, KIYAP8"
"ASH1","Regulator","YKL185W","S000001668","853650","YKL185W","Component of the Rpd3L histone deacetylase complex; zinc-finger inhibitor of HO transcription; mRNA is localized and translated in the distal tip of anaphase cells, resulting in accumulation of Ash1p in daughter cell nuclei and inhibition of HO expression; potential Cdc28p substrate"
"AZF1","Regulator","YOR113W","S000005639","854280","YOR113W","Zinc-finger transcription factor; involved in diauxic shift; in the presence of glucose, activates transcription of genes involved in growth and carbon metabolism; in nonfermentable carbon sources, activates transcription of genes involved in maintenance of cell wall integrity; relocalizes to the cytosol in response to hypoxia"
"BAS1","Regulator","YKR099W","S000001807","853974","YKR099W","Myb-related transcription factor; involved in regulating basal and induced expression of genes of the purine and histidine biosynthesis pathways; also involved in regulation of meiotic recombination at specific genes"
"CAD1","Regulator","YDR423C","S000002831","852033","YDR423C","AP-1-like basic leucine zipper (bZIP) transcriptional activator; involved in stress responses, iron metabolism, and pleiotropic drug resistance; controls a set of genes involved in stabilizing proteins; binds consensus sequence TTACTAA; CAD1 has a paralog, YAP1, that arose from the whole genome duplication"
"CAT8","Regulator","YMR280C","S000004893","855323","YMR280C","Zinc cluster transcriptional activator; necessary for derepression of a variety of genes under non-fermentative growth conditions, active after diauxic shift, binds carbon source responsive elements; relative distribution to the nucleus increases upon DNA replication stress"
"CBF1","Regulator","YJR060W","S000003821","853523","YJR060W","Basic helix-loop-helix (bHLH) protein; forms homodimer to bind E-box consensus sequence CACGTG present at MET gene promoters and centromere DNA element I (CDEI); affects nucleosome positioning at this motif; associates with other transcription factors such as Met4p and Isw1p to mediate transcriptional activation or repression; associates with kinetochore proteins, required for chromosome segregation; protein abundance increases in response to DNA replication stress"
"CHA4","Regulator","YLR098C","S000004088","850787","YLR098C","DNA binding transcriptional activator; mediates serine/threonine activation of the catabolic L-serine (L-threonine) deaminase (CHA1); Zinc-finger protein with Zn[2]-Cys[6] fungal-type binuclear cluster domain"
"CIN5","Regulator","YOR028C","S000005554","854193","YOR028C","Basic leucine zipper (bZIP) transcription factor of the yAP-1 family; physically interacts with the Tup1-Cyc8 complex and recruits Tup1p to its targets; mediates pleiotropic drug resistance and salt tolerance; nuclearly localized under oxidative stress and sequestered in the cytoplasm by Lot6p under reducing conditions; CIN5 has a paralog, YAP6, that arose from the whole genome duplication"
"COM2","Regulator","YER130C","S000000932","856867","YER130C","Transcription factor that binds IME1 Upstream Activation Signal (UAS)ru; COM2 transcription is regulated by Haa1p, Sok2p and Zap1p transcriptional activators; may bind the IME1 promoter under all growth conditions to negatively regulate its transcription in the absence of a positive regulator that binds more effectively; repressor activity may depend on phosphorylation by PKA; C. albicans homolog (MNL1) plays a role in adaptation to stress"
"CRZ1","Regulator","YNL027W","S000004972","855704","YNL027W","Transcription factor, activates transcription of stress response genes; nuclear localization is positively regulated by calcineurin-mediated dephosphorylation; rapidly localizes to the nucleus under blue light stress; can be activated in stochastic pulses of nuclear localization in response to calcium"
"CST6","Regulator","YIL036W","S000001298","854775","YIL036W","Basic leucine zipper (bZIP) transcription factor from ATF/CREB family involved in stress-responsive regulatory network; mediates transcriptional activation of NCE103 in response to low CO2 levels; proposed to be a regulator of oleate responsive genes; involved in utilization of non-optimal carbon sources and chromosome stability; relocalizes to the cytosol in response to hypoxia; CST6 has a paralog, ACA1, that arose from the whole genome duplication"
"CUP2","Regulator","YGL166W","S000003134","852710","YGL166W","Copper-binding transcription factor; activates transcription of the metallothionein genes CUP1-1 and CUP1-2 in response to elevated copper concentrations; required for regulation of copper genes in response to DNA-damaging reagents; CUP2 has a paralog, HAA1, that arose from the whole genome duplication"
"DOP1","ARM_interactor","YDR141C","S000002548","851719","YDR141C","Golgi-localized, leucine-zipper domain containing protein; involved in endosome to Golgi transport, organization of the ER, establishing cell polarity, and morphogenesis; detected in highly purified mitochondria in high-throughput studies"
"ECM2","Regulator","YBR065C","S000000269","852357","YBR065C","Pre-mRNA splicing factor; facilitates the cooperative formation of U2/U6 helix II in association with stem II in the spliceosome, function may be regulated by Slu7p"
"ERT1","Regulator","YBR239C","S000000443","852541","YBR239C","Transcriptional regulator; involved in regulation of gluconeogenesis and fermentable carbon utilization; GFP-fusion protein localizes to cytoplasm, nucleus; null mutation affects periodicity of transcriptional and metabolic oscillation; plays role in restricting Ty1 transposition; member of the zinc cluster family of proteins, similar to Rds2p"
"FKH1","Regulator","YIL131C","S000001393","854675","YIL131C","Forkhead family transcription factor; rate-limiting replication origin activator; evolutionarily conserved lifespan regulator; binds multiple chromosomal elements with distinct specificities, cell cycle dynamics; regulates transcription elongation, chromatin silencing at mating loci, expression of G2/M phase genes; facilitates clustering, activation of early-firing replication origins; binds HML recombination enhancer, regulates donor preference during mating-type switching"
"FKH2","Regulator","YNL068C","S000005012","855656","YNL068C","Forkhead family transcription factor; rate-limiting activator of replication origins; evolutionarily conserved regulator of lifespan; binds multiple chromosomal elements with distinct specificities, cell cycle dynamics; positively regulates transcriptional elongation; facilitates clustering, activation of early-firing replication origins; negative role in chromatin silencing at HML and HMR; major role in expression of G2/M phase genes; relocalizes to cytosol under hypoxia"
"FZF1","Regulator","YGL254W","S000003223","852638","YGL254W","Transcription factor involved in sulfite metabolism; sole identified regulatory target is SSU1; overexpression suppresses sulfite-sensitivity of many unrelated mutants due to hyperactivation of SSU1, contains five zinc fingers; protein abundance increases in response to DNA replication stress"
"GAL4","Regulator","YPL248C","S000006169","855828","YPL248C","DNA-binding transcription factor required for activating GAL genes; responds to galactose; repressed by Gal80p and activated by Gal3p"
"GAT1","Regulator","YFL021W","S000001873","850523","YFL021W","Transcriptional activator of nitrogen catabolite repression genes; contains a GATA-1-type zinc finger DNA-binding motif; activity and localization regulated by nitrogen limitation and Ure2p; different translational starts produce two major and two minor isoforms that are differentially regulated and localized"
"GCN1","ARM_interactor","YGL195W","S000003163","852680","YGL195W","Positive regulator of the Gcn2p kinase activity; forms a complex with Gcn20p; proposed to stimulate Gcn2p activation by an uncharged tRNA"
"GCN4","Regulator","YEL009C","S000000735","856709","YEL009C","bZIP transcriptional activator of amino acid biosynthetic genes;  activator responds to amino acid starvation; expression is tightly regulated at both the transcriptional and translational levels"
"GCR1","Regulator","YPL075W","S000005996","856030","YPL075W","Transcriptional activator of genes involved in glycolysis; DNA-binding protein that interacts and functions with the transcriptional activator Gcr2p"
"GCR2","Regulator","YNL199C","S000005143","855522","YNL199C","Transcriptional activator of genes involved in glycolysis; interacts and functions with the DNA-binding protein Gcr1p"
"GIS1","Regulator","YDR096W","S000002503","851670","YDR096W","Histone demethylase and transcription factor; regulates genes during nutrient limitation; activity modulated by proteasome-mediated proteolysis; has JmjC and JmjN domain in N-terminus that interact, promoting stability and proper transcriptional activity; contains two transactivating domains downstream of Jmj domains and a C-terminal DNA binding domain; relocalizes to the cytosol in response to hypoxia; GIS1 has a paralog, RPH1, that arose from the whole genome duplication"
"GLN3","Regulator","YER040W","S000000842","856763","YER040W","Transcriptional activator of genes regulated by nitrogen catabolite repression; localization and activity regulated by quality of nitrogen source and Ure2p"
"GSM1","Regulator","YJL103C","S000003639","853341","YJL103C","Putative zinc cluster protein of unknown function; proposed to be involved in the regulation of energy metabolism, based on patterns of expression and sequence analysis"
"GZF3","Regulator","YJL110C","S000003646","853334","YJL110C","GATA zinc finger protein; negatively regulates nitrogen catabolic gene expression by competing with Gat1p for GATA site binding; function requires a repressive carbon source; dimerizes with Dal80p and binds to Tor1p; GZF3 has a paralog, DAL80, that arose from the whole genome duplication"
"HAA1","Regulator","YPR008W","S000006212","856117","YPR008W","Transcriptional activator involved in adaptation to weak acid stress; activates transcription of TPO2, YRO2, and other genes encoding membrane stress proteins; HAA1 has a paralog, CUP2, that arose from the whole genome duplication; relocalizes from cytoplasm to nucleus upon DNA replication stress"
"HAC1","Regulator","YFL031W","S000001863","850513","YFL031W","Basic leucine zipper (bZIP) transcription factor (ATF/CREB1 homolog); regulates the unfolded protein response, via UPRE binding, and membrane biogenesis; ER stress-induced splicing pathway facilitates efficient Hac1p synthesis; two functional forms of Hac1p are produced; translation initiation is repressed under non-stress conditions; protein abundance increases in response to DNA replication stress"
"HAP1","Regulator","YLR256W","S000004246","850958","YLR256W","Zinc finger transcription factor; involved in the complex regulation of gene expression in response to levels of heme and oxygen; localizes to the mitochondrion as well as to the nucleus; the S288C sequence differs from other strain backgrounds due to a Ty1 insertion in the carboxy terminus"
"HAP2","Regulator","YGL237C","S000003206","852614","YGL237C","Subunit of the Hap2p/3p/4p/5p CCAAT-binding complex; complex is heme-activated and glucose-repressed; complex is a transcriptional activator and global regulator of respiratory gene expression; contains sequences sufficient for both complex assembly and DNA binding; respiratory defect of the null mutant is functionally complemented by human NFYA"
"HAP3","Regulator","YBL021C","S000000117","852260","YBL021C","Subunit of the Hap2p/3p/4p/5p CCAAT-binding complex; complex is heme-activated and glucose-repressed; complex is a transcriptional activator and global regulator of respiratory gene expression; contains sequences contributing to both complex assembly and DNA binding"
"HAP4","Regulator","YKL109W","S000001592","853751","YKL109W","Transcription factor; subunit of the heme-activated, glucose-repressed Hap2p/3p/4p/5p CCAAT-binding complex, a transcriptional activator and global regulator of respiratory gene expression; provides the principal activation function of the complex; involved in diauxic shift"
"HAP5","Regulator","YOR358W","S000005885","854540","YOR358W","Subunit of the Hap2p/3p/4p/5p CCAAT-binding complex; complex is heme-activated and glucose repressed; complex is a transcriptional activator and global regulator of respiratory gene expression; required for assembly and DNA binding activity of the complex"
"HCM1","Regulator","YCR065W","S000000661","850429","YCR065W","Forkhead transcription factor; drives S-phase activation of genes involved in chromosome segregation, spindle dynamics, budding; also activates genes involved in respiration, use of alternative energy sources (like proline), NAD synthesis, oxidative stress resistance; key factor in early adaptation to nutrient deficiency and diauxic shift; suppressor of calmodulin mutants with specific SPB assembly defects; ortholog of C. elegans lifespan regulator PHA-4"
"HOT1","Regulator","YMR172W","S000004783","855208","YMR172W","Transcription factor for glycerol biosynthetic genes; required for the transient induction of glycerol biosynthetic genes GPD1 and GPP2 in response to high osmolarity; targets Hog1p to osmostress responsive promoters; has similarity to Msn1p and Gcr1p"
"HSF1","Regulator","YGL073W","S000003041","852806","YGL073W","Trimeric heat shock transcription factor; activates multiple genes in response to highly diverse stresses; recognizes variable heat shock elements (HSEs) consisting of inverted NGAAN repeats; monitors translational status of cell through an RQC (Ribosomal Quality Control)-mediated translation-stress signal; involved in diauxic shift; posttranslationally regulated; human homolog HSF1 with linker region mutations can complement yeast hsf1 mutant"
"IME1","Regulator","YJR094C","S000003854","853556","YJR094C","Master regulator of meiosis that is active only during meiotic events; activates transcription of early meiotic genes through interaction with Ume6p; degraded by the 26S proteasome following phosphorylation by Ime2p; transcription is negatively regulated in cis by the IRT1 long noncoding antisense RNA"
"INO2","Regulator","YDR123C","S000002530","851701","YDR123C","Transcription factor; component of the heteromeric Ino2p/Ino4p basic helix-loop-helix transcription activator that binds inositol/choline-responsive elements (ICREs), required for derepression of phospholipid biosynthetic genes in response to inositol depletion; involved in diauxic shift"
"INO4","Regulator","YOL108C","S000005468","854042","YOL108C","Transcription factor involved in phospholipid synthesis; required for derepression of inositol-choline-regulated genes involved in phospholipid synthesis; forms a complex, with Ino2p, that binds the inositol-choline-responsive element through a basic helix-loop-helix domain"
"IXR1","Regulator","YKL032C","S000001515","853836","YKL032C","Transcriptional repressor that regulates hypoxic genes during normoxia; involved in the aerobic repression of genes such as COX5b, TIR1, and HEM13; binds DNA intrastrand cross-links formed by cisplatin; HMG (high mobility group box) domain containing protein which binds and bends cisplatin-modified DNA, blocking excision repair; IXR1 has a paralog, ABF2, that arose from the whole genome duplication"
"KAP122","ARM_interactor","YGL016W","S000002984","852868","YGL016W","Karyopherin beta; responsible for import of the Toa1p-Toa2p complex into the nucleus; binds to nucleoporins Nup1p and Nup2p; may play a role in regulation of pleiotropic drug resistance"
"KAP123","ARM_interactor","YER110C","S000000912","856846","YER110C","Karyopherin beta; mediates nuclear import of ribosomal proteins prior to assembly into ribosomes and import of histones H3 and H4; localizes to the nuclear pore, nucleus, and cytoplasm; exhibits genetic interactions with RAI1"
"KAR4","Regulator","YCL055W","S000000560","850303","YCL055W","Transcription factor required for response to pheromones; also required during meiosis; exists in two forms, a slower-migrating form more abundant during vegetative growth and a faster-migrating form induced by pheromone"
"LAA1","ARM_interactor","YJL207C","S000003743","853223","YJL207C","AP-1 accessory protein; colocalizes with clathrin to the late-Golgi apparatus; involved in TGN-endosome transport; physically interacts with AP-1; similar to the mammalian p200; may interact with ribosomes; YJL207C is a non-essential gene"
"LEU3","Regulator","YLR451W","S000004443","851172","YLR451W","Zinc-knuckle transcription factor, repressor and activator; regulates genes involved in branched chain amino acid biosynthesis and ammonia assimilation; acts as a repressor in leucine-replete conditions and as an activator in the presence of alpha-isopropylmalate, an intermediate in leucine biosynthesis that accumulates during leucine starvation"
"LYS1","Regulator","YIR034C","S000001473","854852","YIR034C","Saccharopine dehydrogenase (NAD+, L-lysine-forming); catalyzes the conversion of saccharopine to L-lysine, which is the final step in the lysine biosynthesis pathway; also has mRNA binding activity"
"MAC1","Regulator","YMR021C","S000004623","855035","YMR021C","Copper-sensing transcription factor; involved in regulation of genes required for high affinity copper transport; required for regulation of yeast copper genes in response to DNA-damaging agents; undergoes changes in redox state in response to changing levels of copper or MMS"
"MBP1","Regulator","YDL056W","S000002214","851503","YDL056W","Transcription factor; involved in regulation of cell cycle progression from G1 to S phase, forms a complex with Swi6p that binds to MluI cell cycle box regulatory element in promoters of DNA synthesis genes"
"MCM1","Regulator","YMR043W","S000004646","855060","YMR043W","Transcription factor; involved in cell-type-specific transcription and pheromone response; plays a central role in the formation of both repressor and activator complexes; relocalizes to the cytosol in response to hypoxia"
"MET3","Regulator","YJR010W","S000003771","853466","YJR010W","ATP sulfurylase; catalyzes the primary step of intracellular sulfate activation, essential for assimilatory reduction of sulfate to sulfide, involved in methionine metabolism; human homolog PAPSS2 complements yeast null mutant"
"MET4","Regulator","YNL103W","S000005047","855620",NA,"Leucine-zipper transcriptional activator; responsible for regulation of sulfur amino acid pathway; requires different combinations of auxiliary factors Cbf1p, Met28p, Met31p and Met32p; feedforward loop exists in the regulation of genes controlled by Met4p and Met32p; can be ubiquitinated by ubiquitin ligase SCF-Met30p, is either degraded or maintained in an inactive state; regulates degradation of its own DNA-binding cofactors by targeting them to SCF-Met30p"
"MIG1","Regulator","YGL035C","S000003003","852848","YGL035C","Transcription factor involved in glucose repression; sequence specific DNA binding protein containing two Cys2His2 zinc finger motifs; regulated by the SNF1 kinase and the GLC7 phosphatase; regulates filamentous growth along with Mig2p in response to glucose depletion; activated in stochastic pulses of nuclear localization, shuttling between cytosol and nucleus depending on external glucose levels and its phosphorylation state"
"MIG2","Regulator","YGL209W","S000003177","852663","YGL209W","Zinc finger transcriptional repressor; cooperates with Mig1p in glucose-induced gene repression; under low glucose conditions relocalizes to mitochondrion, where it interacts with Ups1p, antagonizes mitochondrial fission factor Dnm1p, indicative of a role in mitochondrial fusion or regulating morphology; regulates filamentous growth in response to glucose depletion; activated in stochastic pulses of nuclear localization in response to low glucose"
"MIG3","Regulator","YER028C","S000000830","856750","YER028C","Transcriptional regulator; partially nonfunctional in S288C strains but has a major role in catabolite repression and ethanol response in some other strains; involved in response to toxic agents; phosphorylation by Snf1p or the Mec1p pathway inactivates Mig3p, allowing induction of damage response genesenvironment"
"MOT2","Regulator","YER068W","S000000870","856799","YER068W","Ubiquitin-protein ligase subunit of the CCR4-NOT complex; with Ubc4p, ubiquitinates nascent polypeptide-associated complex subunits and histone demethyase Jhd2p; CCR4-NOT has roles in transcription regulation, mRNA degradation, and post-transcriptional modifications; regulates levels of DNA Polymerase-{alpha} to promote efficient and accurate DNA replication"
"MOT3","Regulator","YMR070W","S000004674","855092","YMR070W","Transcriptional repressor, activator; role in cellular adjustment to osmotic stress including modulation of mating efficiency; involved in repression of subset of hypoxic genes by Rox1p, repression of several DAN/TIR genes during aerobic growth, ergosterol biosynthetic genes in response to hyperosmotic stress; contributes to recruitment of Tup1p-Cyc8p general repressor to promoters; relocalizes to cytosol under hypoxia; forms [MOT3+] prion under anaerobic conditions"
"MSN2","Regulator","YMR037C","S000004640","855053","YMR037C","Stress-responsive transcriptional activator; activated in stochastic pulses of nuclear localization in response to various stress conditions; binds DNA at stress response elements of responsive genes; relative distribution to nucleus increases upon DNA replication stress"
"MSN4","Regulator","YKL062W","S000001545","853803","YKL062W","Stress-responsive transcriptional activator; activated in stochastic pulses of nuclear localization in response to various stress conditions; binds DNA at stress response elements of responsive genes, inducing gene expression; involved in diauxic shift"
"MSS1","Regulator","YMR023C","S000004625","855037","YMR023C","Mitochondrial protein; forms a heterodimer complex with Mto1p that performs the 5-carboxymethylaminomethyl modification of the wobble uridine base in mitochondrial tRNAs; similar to human GTPBP3"
"NMD5","ARM_interactor","YJR132W","S000003893","853596","YJR132W","Karyopherin; a carrier protein involved in nuclear import of proteins; importin beta homolog"
"NRG1","Regulator","YDR043C","S000002450","851613","YDR043C","Transcriptional repressor; recruits the Cyc8p-Tup1p complex to promoters; mediates glucose repression and negatively regulates a variety of processes including filamentous growth and alkaline pH response; activated in stochastic pulses of nuclear localization in response to low glucose"
"NRG2","Regulator","YBR066C","S000000270","852358","YBR066C","Transcriptional repressor; mediates glucose repression and negatively regulates filamentous growth; activated in stochastic pulses of nuclear localization in response to low glucose"
"OAF1","Regulator","YAL051W","S000000048","851247","YAL051W","Oleate-activated transcription factor; subunit of a heterodimeric complex with Pip2p, which binds to oleate-response elements (ORE) in the promoter of genes involved in beta-oxidation of fatty acids, peroxisome organization and biogenesis, activating transcription in the presence of oleate; regulates chromatin silencing at telomeres; involved in diauxic shift; OAF1 has a paralog, PIP2, that arose from the whole genome duplication"
"PDR1","Regulator","YGL013C","S000002981","852871","YGL013C","Transcription factor that regulates the pleiotropic drug response; zinc cluster protein that is a master regulator involved in recruiting other zinc cluster proteins to pleiotropic drug response elements (PDREs) to fine tune the regulation of multidrug resistance genes; relocalizes to the cytosol in response to hypoxia; PDR1 has a paralog, PDR3, that arose from the whole genome duplication"
"PDR3","Regulator","YBL005W","S000000101","852278","YBL005W","Transcriptional activator of the pleiotropic drug resistance network; regulates expression of ATP-binding cassette (ABC) transporters through binding to cis-acting PDRE sites (PDR responsive elements); has a role in response to drugs and organic solvents; post-translationally up-regulated in cells lacking functional mitochondrial genome; involved in diauxic shift; relative distribution to nucleus increases upon DNA replication stress; APCC(Cdh1) substrate"
"PDR8","Regulator","YLR266C","S000004256","850971","YLR266C","Transcription factor; targets include ATP-binding cassette (ABC) transporters, major facilitator superfamily transporters, and other genes involved in the pleiotropic drug resistance (PDR) phenomenon; PDR8 has a paralog, YRR1, that arose from the whole genome duplication"
"PHO2","Regulator","YDL106C","S000002264","851452","YDL106C","Homeobox transcription factor; regulatory targets include genes involved in phosphate metabolism; binds cooperatively with Pho4p to the PHO5 promoter; phosphorylation of Pho2p facilitates interaction with Pho4p; relocalizes to the cytosol in response to hypoxia"
"PHO4","Regulator","YFR034C","S000001930","850594","YFR034C","Basic helix-loop-helix (bHLH) transcription factor of the myc-family; activates transcription cooperatively with Pho2p in response to phosphate limitation; binding to 'CACGTG' motif is regulated by chromatin restriction, competitive binding of Cbf1p to the same DNA binding motif and cooperation with Pho2p; function is regulated by phosphorylation at multiple sites and by phosphate availability"
"PIP2","Regulator","YOR363C","S000005890","854545","YOR363C","Autoregulatory, oleate-activated transcription factor; subunit of a heterodimeric complex with Oaf1p, which binds to oleate-response elements (ORE) in the promoter of genes involved in beta-oxidation of fatty acids, peroxisome organization and biogenesis, activating transcription in the presence of oleate; PIP2 has a paralog, OAF1, that arose from the whole genome duplication"
"PPR1","Regulator","YLR014C","S000004004","850701","YLR014C","Zinc finger transcription factor; contains a Zn(2)-Cys(6) binuclear cluster domain, positively regulates transcription of URA1, URA3, URA4, and URA10, which are involved in de novo pyrimidine biosynthesis, in response to pyrimidine starvation; activity may be modulated by interaction with Tup1p"
"PUT3","Regulator","YKL015W","S000001498","853854","YKL015W","Transcriptional activator; binds specific gene recruitment sequences and is required for DNA zip code-mediated targeting of genes to nuclear periphery; regulates proline utilization genes, constitutively binds PUT1 and PUT2 promoters as a dimer, undergoes conformational change to form active state; binds other promoters only under activating conditions; differentially phosphorylated in presence of different nitrogen sources; has a Zn(2)-Cys(6) binuclear cluster domain"
"RAP1","Regulator","YNL216W","S000005160","855505","YNL216W","Essential DNA-binding transcription regulator that binds many loci; involved in transcription activation, repression, chromatin silencing, telomere length maintenance; relocalizes to cytosol under hypoxia; conserved protein with N-terminal BRCT domain, central region with homology to Myb DNA binding domain, and C-terminal Rap1-specific protein-interaction domain (RCT domain); recruits Sir complex to telomeric DNA; present in quiescent cell telomere hyperclusters"
"RDS1","Regulator","YCR106W","S000000703","850470","YCR106W","Putative zinc cluster transcription factor; involved in conferring resistance to cycloheximide"
"RDS2","Regulator","YPL133C","S000006054","855970","YPL133C","Transcription factor involved in regulating gluconeogenesis; also involved in the regulation of glyoxylate cycle genes; member of the zinc cluster family of proteins; confers resistance to ketoconazole"
"REB1","Regulator","YBR049C","S000000253","852338","YBR049C","RNA polymerase I enhancer binding protein; DNA binding protein that binds to genes transcribed by both RNA polymerase I and RNA polymerase II; required for termination of RNA polymerase I transcription; Reb1p bound to DNA acts to block RNA polymerase II readthrough transcription"
"RFX1","Regulator","YLR176C","S000004166","850873","YLR176C","Major transcriptional repressor of DNA-damage-regulated genes; recruits repressors Tup1p and Cyc8p to their promoters; involved in DNA damage and replication checkpoint pathway; similar to a family of mammalian DNA binding RFX1-4 proteins"
"RGT1","Regulator","YKL038W","S000001521","853828","YKL038W","Glucose-responsive transcription factor; regulates expression of several glucose transporter (HXT) genes in response to glucose; binds to promoters and acts both as a transcriptional activator and repressor; recruits Tup1p/Cyc8p to target gene promoters; RGT1 has a paralog, EDS1, that arose from the whole genome duplication"
"RIM1","Regulator","YCR028C-A","S000007222","850395","YCR028C-A","ssDNA-binding protein essential for mitochondrial genome maintenance; involved in mitochondrial DNA replication; stimulates utilization by Mip1p DNA polymerase of RNA primers synthesized by Rpo41p"
"RLM1","Regulator","YPL089C","S000006010","856016","YPL089C","MADS-box transcription factor; component of the protein kinase C-mediated MAP kinase pathway involved in the maintenance of cell integrity; phosphorylated and activated by the MAP-kinase Slt2p; RLM1 has a paralog, SMP1, that arose from the whole genome duplication"
"RME1","Regulator","YGR044C","S000003276","852935","YGR044C","Zinc finger protein involved in control of meiosis; prevents meiosis by repressing IME1 expression and promotes mitosis by activating CLN2 expression; directly repressed by a1-alpha2 regulator; mediates cell type control of sporulation; relocalizes from nucleus to cytoplasm upon DNA replication stress"
"ROX1","Regulator","YPR065W","S000006269","856178","YPR065W","Heme-dependent repressor of hypoxic genes; mediates aerobic transcriptional repression of hypoxia induced genes such as COX5b and CYC7; repressor function regulated through decreased promoter occupancy in response to oxidative stress; contains an HMG domain that is responsible for DNA bending activity; involved in the hyperosmotic stress resistance"
"RPH1","Regulator","YER169W","S000000971","856916","YER169W","JmjC domain-containing histone demethylase; targets tri- and dimethylated H3K36; associates with actively transcribed regions and promotes elongation; repressor of autophagy-related genes in nutrient-replete conditions; damage-responsive repressor of PHR1; phosphorylated by the Rad53p-dependent DNA damage checkpoint pathway and by a Rim1p-mediated event during starvation; target of stress-induced hormesis; RPH1 has a paralog, GIS1, that arose from the whole genome duplication"
"RPN1","ARM_interactor","YHR027C","S000001069","856422","YHR027C","Non-ATPase base subunit of the 19S RP of the 26S proteasome; may participate in the recognition of several ligands of the proteasome; contains a leucine-rich repeat (LRR) domain, a site for protein-protein interactions; RP is the acronym for regulatory particle"
"RPN4","Regulator","YDL020C","S000002178","851542","YDL020C","Transcription factor that stimulates expression of proteasome genes; Rpn4p levels are in turn regulated by the 26S proteasome in a negative feedback control mechanism; RPN4 is transcriptionally regulated by various stress responses; relative distribution to the nucleus increases upon DNA replication stress"
"RTG1","Regulator","YOL067C","S000005428","854087","YOL067C","Transcription factor (bHLH) involved in interorganelle communication; contributes to communication between mitochondria, peroxisomes, and nucleus; target of Hog1p; activated in stochastic pulses of nuclear localization"
"RTG3","Regulator","YBL103C","S000000199","852171","YBL103C","bHLH/Zip transcription factor for retrograde (RTG) and TOR pathways; forms a complex with another bHLH/Zip protein, Rtg1p, to activate the pathways; target of Hog1p"
"SEC26","ARM_interactor","YDR238C","S000002646","851824","YDR238C","Essential beta-coat protein of the COPI coatomer; involved in ER-to-Golgi protein trafficking and maintenance of normal ER morphology; shares 43% sequence identity with mammalian beta-coat protein (beta-COP)"
"SEC7","ARM_interactor","YDR170C","S000002577","851748","YDR170C","Guanine nucleotide exchange factor (GEF) for ADP ribosylation factors; involved in proliferation of the Golgi, intra-Golgi transport and ER-to-Golgi transport; found in the cytoplasm and on Golgi-associated coated vesicles"
"SFL1","Regulator","YOR140W","S000005666","854307","YOR140W","Transcriptional repressor and activator; involved in repression of flocculation-related genes, and activation of stress responsive genes; has direct role in INO1 transcriptional memory; negatively regulated by cAMP-dependent protein kinase A subunit Tpk2p; premature stop codon (C1430T, Q477-stop) in SK1 background is linked to the aggressively invasive phenotype of SK1 relative to BY4741 (S288C)"
"SIP4","Regulator","YJL089W","S000003625","853356","YJL089W","C6 zinc cluster transcriptional activator; binds to the carbon source-responsive element (CSRE) of gluconeogenic genes; involved in the positive regulation of gluconeogenesis; regulated by Snf1p protein kinase; localized to the nucleus"
"SKN7","Regulator","YHR206W","S000001249","856613","YHR206W","Nuclear response regulator and transcription factor; physically interacts with the Tup1-Cyc8 complex and recruits Tup1p to its targets; part of a branched two-component signaling system; required for optimal induction of heat-shock genes in response to oxidative stress; involved in osmoregulation; relocalizes to the cytosol in response to hypoxia; SKN7 has a paralog, HMS2, that arose from the whole genome duplication"
"SKO1","Regulator","YNL167C","S000005111","855554","YNL167C","Basic leucine zipper transcription factor of the ATF/CREB family; forms a complex with Tup1p and Cyc8p to both activate and repress transcription; cytosolic and nuclear protein involved in osmotic and oxidative stress responses"
"SMP1","Regulator","YBR182C","S000000386","852480","YBR182C","MADS-box transcription factor involved in osmotic stress response; SMP1 has a paralog, RLM1, that arose from the whole genome duplication"
"STB4","Regulator","YMR019W","S000004621","855033","YMR019W","Putative transcription factor; contains a Zn(II)2Cys6 zinc finger domain characteristic of DNA-binding proteins; computational analysis suggests a role in regulation of expression of genes encoding transporters; binds Sin3p in a two-hybrid assay;"
"STB5","Regulator","YHR178W","S000001221","856583","YHR178W","Transcription factor; involved in regulating multidrug resistance and oxidative stress response; forms a heterodimer with Pdr1p; contains a Zn(II)2Cys6 zinc finger domain that interacts with a pleiotropic drug resistance element in vitro"
"STP1","Regulator","YDR463W","S000002871","852074","YDR463W","Transcription factor; contains a N-terminal regulatory motif (RI) that acts as a cytoplasmic retention determinant and as an Asi dependent degron in the nucleus; undergoes proteolytic processing by SPS (Ssy1p-Ptr3p-Ssy5p)-sensor component Ssy5p in response to extracellular amino acids; activates transcription of amino acid permease genes and may have a role in tRNA processing; STP1 has a paralog, STP2, that arose from the whole genome duplication"
"STP2","Regulator","YHR006W","S000001048","856397","YHR006W","Transcription factor; activated by proteolytic processing in response to signals from the SPS sensor system for external amino acids; activates transcription of amino acid permease genes; STP2 has a paralog, STP1, that arose from the whole genome duplication"
"SUM1","Regulator","YDR310C","S000002718","851905","YDR310C","Transcriptional repressor that regulates middle-sporulation genes; required for mitotic repression of middle sporulation-specific genes; also acts as general replication initiation factor; involved in telomere maintenance, chromatin silencing; regulated by pachytene checkpoint"
"SUT1","Regulator","YGL162W","S000003130","852714","YGL162W","Zn(II)2Cys6 family transcription factor; positively regulates sterol uptake genes under anaerobic conditions; involved in hypoxic gene expression; represses filamentation-inducing genes during vegetative growth; positively regulates mating with SUT2 by repressing expression of genes that act as mating inhibitors; repressed by STE12; relocalizes from the nucleus to the cytoplasm upon DNA replication stress; SUT1 has a paralog, SUT2, that arose from the whole genome duplication"
"SWI4","Regulator","YER111C","S000000913","856847","YER111C","DNA binding component of the SBF complex (Swi4p-Swi6p); a transcriptional activator that in concert with MBF (Mbp1-Swi6p) regulates late G1-specific transcription of targets including cyclins and genes required for DNA synthesis and repair; Slt2p-independent regulator of cold growth; acetylation at two sites, K1016 and K1066, regulates interaction with Swi6p"
"SWI5","Regulator","YDR146C","S000002553","851724","YDR146C","Transcription factor that recruits Mediator and Swi/Snf complexes; activates transcription of genes expressed at the M/G1 phase boundary and in G1 phase; required for expression of the HO gene controlling mating type switching; localization to nucleus occurs during G1 and appears to be regulated by phosphorylation by Cdc28p kinase; SWI5 has a paralog, ACE2, that arose from the whole genome duplication"
"SXM1","ARM_interactor","YDR395W","S000002803","852004","YDR395W","Nuclear transport factor (karyopherin); involved in protein transport between the cytoplasm and nucleoplasm; similar to Nmd5p, Cse1p, Lph2p, and the human cellular apoptosis susceptibility protein, CAS1"
"TDA9","Regulator","YML081W","S000004546","854894","YML081W","Transcription factor that regulates acetate production; green fluorescent protein (GFP)-fusion protein localizes to the nucleus; null mutant is sensitive to expression of the top1-T722A allele; not an essential gene; TDA9 has a paralog, RSF2, that arose from the whole genome duplication"
"TEA1","Regulator","YOR337W","S000005864","854515","YOR337W","Ty1 enhancer activator involved in Ty enhancer-mediated transcription; required for full levels of Ty enhancer-mediated transcription; C6 zinc cluster DNA-binding protein"
"TEC1","Regulator","YBR083W","S000000287","852377","YBR083W","Transcription factor targeting filamentation genes and Ty1 expression; Ste12p activation of most filamentation gene promoters depends on Tec1p and Tec1p transcriptional activity is dependent on its association with Ste12p; binds to TCS elements upstream of filamentation genes, which are regulated by Tec1p/Ste12p/Dig1p complex; competes with Dig2p for binding to Ste12p/Dig1p; positive regulator of chronological life span; TEA/ATTS DNA-binding domain family member"
"TYE7","Regulator","YOR344C","S000005871","854525","YOR344C","Serine-rich protein that contains a bHLH DNA binding motif; binds E-boxes of glycolytic genes and contributes to their activation; may function as a transcriptional activator in Ty1-mediated gene expression; bHLH stands for basic-helix-loop-helix"
"UGA3","Regulator","YDL170W","S000002329","851384","YDL170W","Transcriptional activator for GABA-dependent induction of GABA genes; binds to DNA elements found in the promoters of target genes and increases their expression in the presence of GABA (gamma-aminobutyrate); zinc finger transcription factor of the Zn(2)-Cys(6) binuclear cluster domain type; localized to the nucleus; examples of GABA genes include UGA1, UGA2, and UGA4"
"UME6","Regulator","YDR207C","S000002615","851788","YDR207C","Rpd3L histone deacetylase complex subunit; key transcriptional regulator of early meiotic genes; involved in chromatin remodeling and transcriptional repression via DNA looping; binds URS1 upstream regulatory sequence, represses transcription by recruiting conserved histone deacetylase Rpd3p (through co-repressor Sin3p) and chromatin-remodeling factor Isw2p; couples metabolic responses to nutritional cues with initiation and progression of meiosis, forms compl"
"UPC2","Regulator","YDR213W","S000002621","851799","YDR213W","Sterol regulatory element binding protein; induces sterol biosynthetic genes, upon sterol depletion; acts as a sterol sensor, binding ergosterol in sterol rich conditions; relocates from intracellular membranes to perinuclear foci upon sterol depletion; redundant activator of filamentation with ECM22, up-regulating the expression of filamentous growth genes; contains a Zn[2]-Cys[6] binuclear cluster; UPC2 has a paralog, ECM22, that arose from the whole genome duplication"
"USV1","Regulator","YPL230W","S000006151","855871","YPL230W","Putative transcription factor containing a C2H2 zinc finger; mutation affects transcriptional regulation of genes involved in growth on non-fermentable carbon sources, response to salt stress and cell wall biosynthesis; USV1 has a paralog, RGM1, that arose from the whole genome duplication"
"WAR1","Regulator","YML076C","S000004541","854899","YML076C","Homodimeric Zn2Cys6 zinc finger transcription factor; binds to a weak acid response element to induce transcription of PDR12 and FUN34, encoding an acid transporter and a putative ammonia transporter, respectively"
"XBP1","Regulator","YIL101C","S000001363","854706","YIL101C","Transcriptional repressor; binds promoter sequences of cyclin genes, CYS3, and SMF2; not expressed during log phase of growth, but induced by stress or starvation during mitosis, and late in meiosis; represses 15% of all yeast genes as cells transition to quiescence; important for maintaining G1 arrest and for longevity of quiescent cells; member of Swi4p/Mbp1p family; phosphorylated by Cdc28p; relative distribution to nucleus increases upon DNA replication stress"
"YAP1","Regulator","YML007W","S000004466","855005","YML007W","Basic leucine zipper (bZIP) transcription factor; required for oxidative stress tolerance; activated by H2O2 through the multistep formation of disulfide bonds and transit from the cytoplasm to the nucleus; Yap1p is degraded in the nucleus after the oxidative stress has passed; mediates resistance to cadmium; relative distribution to the nucleus increases upon DNA replication stress; YAP1 has a paralog, CAD1, that arose from the whole genome duplication"
"YAP3","Regulator","YHL009C","S000001001","856377","YHL009C","Basic leucine zipper (bZIP) transcription factor"
"YAP5","Regulator","YIR018W","S000001457","854835","YIR018W","Basic leucine zipper (bZIP) iron-sensing transcription factor; involved in diauxic shift; YAP5 has a paralog, YAP7, that arose from the whole genome duplication"
"YRR1","Regulator","YOR162C","S000005688","854333","YOR162C","Zn2-Cys6 zinc-finger transcription factor; activates genes involved in multidrug resistance; paralog of Yrm1p, acting on an overlapping set of target genes; YRR1 has a paralog, PDR8, that arose from the whole genome duplication"
"ZAP1","Regulator","YJL056C","S000003592","853390","YJL056C","Zinc-regulated transcription factor; binds to zinc-responsive promoters to induce transcription of certain genes in presence of zinc, represses other genes in low zinc; regulates its own transcription; contains seven zinc-finger domains"
"ZNF1","Regulator","YFL052W","S000001842","850492","YFL052W","Zinc cluster transcription factor that regulates respiratory growth; binds to promoters of genes involved in respiration, gluconeogenesis, and the glyoxylate shunt; required for normal carbon source utilization and stress response"
