Transcription Factor,Consensus
Smp1p,ACTACTAWWWWTAG
Ert1p,CTCCGGG
Ert1p,GCCCCGCGGG
Ert1p,GTCCGCA
Ert1p,TCCGGTT
Ert1p,ACTCCGA
Ert1p,ACTCCGAG
Ert1p,ACTCCGATT
Ert1p,CCCCGCGG
Ert1p,CCGAGAA
Ert1p,CCGCTCG
Ert1p,CCGGGCT
Ert1p,CCTCCGG
Ert1p,CTCCGCC
Ert1p,CTCCGCG
Ert1p,CTCCGCGGAA
Ert1p,CTCCGGGC
Ert1p,GCCCCGC
Ert1p,GCCCCGCGG
Ert1p,GCCGGGT
Ert1p,TCCGATA
Ert1p,TCCGATG
Ert1p,TCCGCGGA
Ert1p,TCCTCCGAGAAA
Ert1p,TCCTCCGGTT
Ert1p,TCTCCGGG
Ert1p,TTCCGCGGAA
Ert1p,TTCCGCGTCCGCA
Ert1p,TTCCGTG
Ert1p,TTCCGTGG
Ert1p,TTCTCCGCC
Ert1p,TTTCTCCGG
Ert1p,TTTCTCNG
Ert1p,ACTCCGATA
Ert1p,CTCCGCGGG
Ert1p,TCCGCTC
Ert1p,TCCGGTG
Ert1p,TCCNCGGA
Ert1p,TCCTCCG
Ert1p,TCCTCCGG
Ert1p,TTCCGAGAA
Ert1p,TTCCGCGG
Ert1p,TTCCGCGGA
Ert1p,TTCCGCGGG
Ert1p,TTCCTCCGA
Ert1p,TTCCTCCGG
Ert1p,TTNTCCGG
Ert1p,TTNTCCGGGCT
Ert1p,TTNTCCGGTG
Ert1p,TTTCTCCGAGG
Ert1p,TTTCTCCGCGGAA
Ert1p,TCCGGGCT
Kar4p,YAANNCAAANNCNGNYT
Kar4p,CTAANNCAAANNCNGNYT
Kar4p,TTAANNCAAANNCNGNYT
Hcm1p,WAAYAAACAAW
Rds1p,BCGGCCG
Uga3p,SGCGGNWTTT
Pho2p,WTAWTW
Mbp1p,ACGCGT
Rpn4p,GGTGGCAAA
Lys14p,TCCRNYGGA
Nrg1p,CCCCT
Nrg1p,CCCTC
Nrg1p,GGACCCT
Gis1p,TWAGGGAT
Gis1p,AGGGG
Ino2p,ATGTGAAAT
Ino2p,CATGTGAAAT
Ino2p,WYTTCAYRTGS
Ino2p,CACATGC
Ino2p,ACACATGCA
Ino2p,ACACATGCTG
Ino2p,ACATGCC
Ino2p,ACATGCTG
Ino2p,AGCACATGCAA
Ino2p,AGCACATGCCA
Ino2p,AGCACATGCG
Ino2p,AGCACATGCGC
Ino2p,AGCACATGCTA
Ino2p,AGCACATGCTT
Ino2p,AGCACATGGG
Ino2p,AGCACGTGC
Ino2p,ATCACATG
Ino2p,ATCACATGCA
Ino2p,ATCACATGCTG
Ino2p,CACGTTC
Ino2p,CATATGCAA
Ino2p,CCACGTGC
Ino2p,CCACGTGCT
Ino2p,CCTCATGC
Ino2p,CGCACANG
Ino2p,CGCACATG
Ino2p,CGCACNTGG
Ino2p,CTCATGCCG
Ino2p,GCACGTTC
Ino2p,GCNCATGC
Ino2p,GCTCATGCT
Ino2p,GGCACATGCAA
Ino2p,GGCACATGG
Ino2p,GGCATATGCT
Ino2p,TCACATGCA
Ino2p,TCACATGCAA
Ino2p,TCACATGCCA
Ino2p,TCACGTGCT
Ino2p,TCCACATGCAC
Ino2p,TCCACATGCCA
Ino2p,TCCACATGCTT
Ino2p,TCCACATGGG
Ino2p,TGCACATGCGC
Ino2p,TGCACATGCTA
Ino2p,TGCACATGCTG
Ino2p,TGCACGTGC
Ino2p,TGCATATGCAA
Ino2p,TTCACAAGC
Ino2p,TTCACAAGCAG
Ino2p,TTCACATG
Ino2p,TTCACATGCA
Ino2p,TTCACATGCAC
Ino2p,TTCACATGCC
Ino2p,TTCACATGCCA
Ino2p,TTCACATGCCG
Ino2p,TTCACATGCG
Ino2p,TTCACATGCGC
Ino2p,TTCACATGCT
Ino2p,TTCACATGCTA
Ino2p,TTCACATGCTG
Ino2p,TTCACATGGA
Ino2p,TTCACATGGC
Ino2p,TTCACATGNT
Ino2p,TTCACATNC
Ino2p,TTCACATNCA
Ino2p,TTCACGTGC
Ino2p,TTCACGTGCTG
Ino2p,TTCATATGC
Ino2p,TTCATATGCA
Ino2p,TTCATATGCAA
Ino2p,TTCATATGCC
Ino2p,TTCATATGCTA
Ino2p,TTCNCGTG
Ino2p,TTCATATGCT
Ino2p,TTCATATGCGG
Ino2p,TTCATATG
Ino2p,TTCACGTG
Ino2p,TTCACATGG
Ino2p,TGCATATGCT
Ino2p,TGCATATGCAG
Ino2p,TGCACGTTCT
Ino2p,TGCACGTTC
Ino2p,TGCACGTGCT
Ino2p,TGCACGT
Ino2p,TGCACATGCA
Ino2p,TCTCATGCT
Ino2p,TCCACATGG
Ino2p,TCCACATGCG
Ino2p,TCCACATG
Ino2p,TCATATGCT
Ino2p,TCATATGCGG
Ino2p,TCATATGCAA
Ino2p,TCACGTGCTG
Ino2p,TCACGTGCGG
Ino2p,TCACGTGC
Ino2p,TCACGTG
Ino2p,TCACATNC
Ino2p,TCACATGGG
Ino2p,TCACATGGA
Ino2p,TCACATGG
Ino2p,TCACATGCTT
Ino2p,TCACATG
Ino2p,GGNACNTGC
Ino2p,GGNACGTGCT
Ino2p,GGCATATGCTA
Ino2p,GGCATATGCAG
Ino2p,GGCANATG
Ino2p,GGCACATGGG
Ino2p,GGCACATGCTG
Ino2p,GGCACATGCG
Ino2p,GGCACATG
Ino2p,GCTCATGCCG
Ino2p,GCTCATGCC
Ino2p,GCTCATGC
Ino2p,GCCACATGGG
Ino2p,GCCACATGCGG
Ino2p,GCCACATGCG
Ino2p,GCCACATGCCG
Ino2p,GCCACATGCCA
Ino2p,GCCACATGCAA
Ino2p,GCCACATG
Ino2p,GCATATGCTA
Ino2p,GCACGTTCT
Ino2p,GCACGTTCC
Ino2p,GCACATGGG
Ino2p,GCACATGGC
Ino2p,GCACATGGA
Ino2p,GCACANGC
Ino2p,CTCATGCT
Ino2p,CTCATGCC
Ino2p,CTCATGC
Ino2p,CGCTCATGCCG
Ino2p,CGCTCATGCC
Ino2p,CGCNCATG
Ino2p,CGCACGTGCTC
Ino2p,CGCACGTGCGG
Ino2p,CGCACATGGC
Ino2p,CGCACATGGA
Ino2p,CGCACATGCTT
Ino2p,CGCACATGCTA
Ino2p,CGCACATGCC
Ino2p,CGCACANGC
Ino2p,CCTCATGCCG
Ino2p,CCTCATGCC
Ino2p,CCACGTGCTG
Ino2p,CCACGTGCTC
Ino2p,CCACGTGCGG
Ino2p,CCACATGG
Ino2p,CCACATGCTA
Ino2p,CATATGCGG
Ino2p,CATATGCC
Ino2p,CACGTTCT
Ino2p,CACGTGCT
Ino2p,CACGTGCGG
Ino2p,CACATGGG
Ino2p,CACATGGC
Ino2p,CACANNCAC
Ino2p,CACAAGCAG
Ino2p,CACAAGCA
Ino2p,CACAAGC
Ino2p,ATCACATGNT
Ino2p,ATCACATGGA
Ino2p,ATCACATGG
Ino2p,ATCACATGCTT
Ino2p,ATCACATGCG
Ino2p,ATCACATGCAA
Ino2p,ATATGCAA
Ino2p,ATATGCA
Ino2p,ANATGCTA
Ino2p,ANATGCGG
Ino2p,AGCACNTG
Ino2p,AGCACGTGCT
Ino2p,AGCACGTGCGG
Ino2p,AGCACATGGC
Ino2p,AGCACATGGA
Ino2p,AGCACATGCCG
Ino2p,AGCACATGCA
Ino2p,AGCACATG
Ino2p,ACNTGCGG
Ino2p,ACGTGCTG
Ino2p,ACATGGC
Ino2p,ACATGCTA
Ino2p,ACATGCGG
Ino2p,ACATGCGC
Ino2p,ACATGCG
Ino2p,ACATGCCG
Ino2p,ACATGCAC
Ino2p,ACATGCAA
Ino2p,ACATGCA
Ino2p,ACATATGCC
Ino2p,ACATATGCAG
Ino2p,ACATATGCA
Ino2p,ACACAAGCAG
Ino2p,ACACAAGCA
Ino2p,ACACAAGC
Ino2p,TTCACGTGCT
Ino2p,TCACATNCA
Ino2p,TCACATGCGG
Ino2p,TTCATATGCAG
Ino2p,GCACATGG
Ino2p,CGCACATGCCG
Ino2p,CCACATGCTG
Ino2p,CATATGCTA
Ino2p,ACGTGCT
Swi5p,ACCAGC
Ume6p,TAGCCGCCGA
Ume6p,TAGGCGGC
Ume6p,TCGGCGGCT
Ume6p,TGGGTGGCTA
Upc2p,TCGTATA
Upc2p,TCGTTYAG
Upc2p,TCGTWCC
Upc2p,TATACGA
Upc2p,TAAACGA
Adr1p,"TTGGRGN{6,38}CYCCAA"
Adr1p,TTGGRG
Met32p,AAACTGTGG
Met32p,AAACTGTG
Met32p,CTGTGGC
Sum1p,GNCRCAAAW
Cad1p,TTACTAA
Stp1p,CGGCTC
Stp1p,CGGCN{6}CGGC
Stp1p,RYRCGGCRC
Gcn4p,TTACGTAA
Gcn4p,TGATTCA
Gcn4p,TGACTGA
Gcn4p,TGACTMT
Gcn4p,RRTGACTC
Gcn4p,TGACTC
Gcn4p,TGASTCA
Gcn4p,TTGCGCAA
Gcn4p,TTGCGTGA
Gcn4p,GCACGTAG
Gcn4p,CACGTG
Gcn4p,AAATGACTCATCC
Gcn4p,AAGTGAGTCACCT
Gcn4p,AAGTGAGTCACG
Gcn4p,AATGANTCACT
Gcn4p,AGATGAGTCAGC
Gcn4p,AGGTGAGTCATGG
Gcn4p,AGTGAGTCAGC
Gcn4p,AGTGAGTCATCC
Gcn4p,ATATGACTCATCC
Gcn4p,CATGAGTCACTA
Gcn4p,CATTAGTCAC
Gcn4p,CGTGAGTCACTG
Gcn4p,CTGACTCATCA
Gcn4p,CTGAGTCATAC
Gcn4p,CTGAGTCATCA
Gcn4p,GAATGAGTCAGC
Gcn4p,GGTGAGTCATAC
Gcn4p,GGTTAGTCATAT
Gcn4p,GGTTAGTCATCT
Gcn4p,GTGACTCATCC
Gcn4p,GTGANTCATAT
Gcn4p,TAAGAGTCATTCA
Gcn4p,TCTGAGTCATCA
Gcn4p,TCTGAGTCATTC
Gcn4p,TGTTAGTCATCT
Gcn4p,TTACTCATT
Gcn4p,TTATGAGTCACG
Gcn4p,TTGTGAGTCACTG
Gcn4p,AAAAGAGTCACA
Gcn4p,AAAAGAGTCACCG
Gcn4p,AAAAGAGTCAGA
Gcn4p,AAAAGAGTCATCC
Gcn4p,AAAAGAGTCATCT
Gcn4p,AAAAGAGTCATTA
Gcn4p,AAAAGAGTCATTC
Gcn4p,AAAAGAGTCATTG
Gcn4p,AAAGAGTCACAG
Gcn4p,AAAGAGTCACT
Gcn4p,AAAGAGTCACTA
Gcn4p,AAAGAGTCAG
Gcn4p,AAAGAGTCATAA
Gcn4p,AAAGAGTCATCT
Gcn4p,AAATGAATCACA
Gcn4p,AAATGAATCATC
Gcn4p,AAATGAGTC
Gcn4p,AAATGAGTCA
Gcn4p,AAATGAGTCACG
Gcn4p,AAATGAGTNATT
Gcn4p,AAATGANTCA
Gcn4p,AAATGANTCATAT
Gcn4p,AAATTAGTCA
Gcn4p,AAATTAGTCACT
Gcn4p,AAATTAGTCATAT
Gcn4p,AAATTAGTCATGT
Gcn4p,AAATTAGTCATTC
Gcn4p,AAATTAGTCATTT
Gcn4p,AAGAGTCAGA
Gcn4p,AAGAGTCATCAT
Gcn4p,AAGAGTCATTT
Gcn4p,AAGTGAGTCA
Gcn4p,AAGTGAGTCACAT
Gcn4p,AATCAGTCAT
Gcn4p,AATGAATCAT
Gcn4p,AATGAGTNATA
Gcn4p,AATGAGTNATT
Gcn4p,AATGANTCATAA
Gcn4p,AATGTGTCATAC
Gcn4p,AATGTGTCATC
Gcn4p,AATGTGTCATT
Gcn4p,AATNAGTCA
Gcn4p,AATTACTCATCA
Gcn4p,AATTAGTCAGC
Gcn4p,AATTAGTCATAT
Gcn4p,AATTAGTCATCG
Gcn4p,AATTAGTCATGT
Gcn4p,AATTAGTCATTC
Gcn4p,AATTAGTCATTT
Gcn4p,AGAGTCACCA
Gcn4p,AGAGTCATAC
Gcn4p,AGAGTCATCAT
Gcn4p,AGAGTCATCC
Gcn4p,AGAGTCATCG
Gcn4p,AGAGTCATCT
Gcn4p,AGAGTCATCTA
Gcn4p,AGAGTCATTT
Gcn4p,AGATGAGTCATTT
Gcn4p,AGGTGAGTCACG
Gcn4p,AGGTGAGTCANA
Gcn4p,AGTGAGTCACTT
Gcn4p,AGTGAGTCANT
Gcn4p,AGTGAGTNATA
Gcn4p,AGTGTGTCATT
Gcn4p,ATAGTCATAT
Gcn4p,ATATGAGTCACG
Gcn4p,ATATGAGTCATTC
Gcn4p,ATATGAGTCATTCA
Gcn4p,ATATGANTCATA
Gcn4p,ATATGANTCATAA
Gcn4p,ATATGANTCATAT
Gcn4p,ATCAGTCATAC
Gcn4p,ATCAGTCATCC
Gcn4p,ATCAGTCATTG
Gcn4p,ATGAGTNATA
Gcn4p,ATGANTCACT
Gcn4p,ATGANTCATAT
Gcn4p,ATGCGTCAC
Gcn4p,ATGCGTCAT
Gcn4p,ATGCGTCATAA
Gcn4p,ATGTGTCAC
Gcn4p,ATGTGTCATT
Gcn4p,ATTACTCATC
Gcn4p,ATTACTCATTT
Gcn4p,ATTACTCATTTTT
Gcn4p,ATTAGTCAC
Gcn4p,ATTAGTCATCT
Gcn4p,ATTGACTCATG
Gcn4p,ATTGACTCATTT
Gcn4p,ATTGAGTCACA
Gcn4p,ATTGAGTCACAG
Gcn4p,ATTGAGTCACAT
Gcn4p,ATTGAGTCACG
Gcn4p,ATTGAGTCAGAT
Gcn4p,ATTGAGTCATAT
Gcn4p,ATTGAGTCATCG
Gcn4p,ATTTGAGTCACAG
Gcn4p,ATTTGAGTCATCC
Gcn4p,ATTTGAGTCATGG
Gcn4p,ATTTGAGTCATTG
Gcn4p,CAATGAGTCATCT
Gcn4p,CATGAGTCATCA
Gcn4p,CATGAGTCATCC
Gcn4p,CATGAGTCATG
Gcn4p,CATGAGTCATGG
Gcn4p,CATTAGTCACA
Gcn4p,CATTAGTCACT
Gcn4p,CATTAGTCATG
Gcn4p,CCTTAGTCAGC
Gcn4p,CCTTAGTCATAT
Gcn4p,CCTTAGTCATCA
Gcn4p,CCTTAGTCATCT
Gcn4p,CCTTAGTCATGG
Gcn4p,CGATGAGTCAGA
Gcn4p,CGATGAGTCAGC
Gcn4p,CGATGAGTCANA
Gcn4p,CGATGAGTNATT
Gcn4p,CGTGAGTCA
Gcn4p,CGTGAGTCAGTT
Gcn4p,CTGAGTCAGA
Gcn4p,CTGAGTCATCT
Gcn4p,CTGAGTCATCTA
Gcn4p,CTGAGTCATGA
Gcn4p,CTGAGTCATTC
Gcn4p,CTGAGTCATTTTT
Gcn4p,CTTACTCATC
Gcn4p,CTTACTCATCA
Gcn4p,CTTACTCATTT
Gcn4p,CTTTAGTCACT
Gcn4p,GAAGAGTCACAT
Gcn4p,GAAGAGTCACC
Gcn4p,GAAGAGTCAGA
Gcn4p,GAAGAGTCATAT
Gcn4p,GAAGAGTCATCA
Gcn4p,GAAGAGTCATTG
Gcn4p,GAATGAGTCANA
Gcn4p,GAATGAGTCANT
Gcn4p,GAATGAGTCATTG
Gcn4p,GAGAGTCATATT
Gcn4p,GAGAGTCATCG
Gcn4p,GAGAGTCATGA
Gcn4p,GAGTCATCG
Gcn4p,GAGTCATCT
Gcn4p,GAGTCATCTA
Gcn4p,GAGTCATTC
Gcn4p,GAGTCATTCA
Gcn4p,GAGTCATTG
Gcn4p,GATGACTCATCA
Gcn4p,GATGANTCATA
Gcn4p,GATGANTCATT
Gcn4p,GATGCGTCAC
Gcn4p,GATGCGTCATA
Gcn4p,GATGCGTCATT
Gcn4p,GCTGAGTCACG
Gcn4p,GCTGAGTCACTG
Gcn4p,GCTGAGTCATG
Gcn4p,GCTGAGTCATTA
Gcn4p,GCTGAGTCATTC
Gcn4p,GCTTACTCACT
Gcn4p,GCTTACTCATC
Gcn4p,GGAAGAGTCACA
Gcn4p,GGAAGAGTCAGAT
Gcn4p,GGAAGAGTCATTC
Gcn4p,GGAAGAGTCATTT
Gcn4p,GGATGAGTCANA
Gcn4p,GGTGACTCATCC
Gcn4p,GGTGAGTCACCA
Gcn4p,GGTGAGTCAGC
Gcn4p,GGTTAGTCATCA
Gcn4p,GGTTAGTCATCG
Gcn4p,GGTTAGTCATG
Gcn4p,GTCAGTCATAA
Gcn4p,GTCAGTCATCT
Gcn4p,GTCAGTCATTC
Gcn4p,GTGAATCAT
Gcn4p,GTGAATCATC
Gcn4p,GTGAGTNATAT
Gcn4p,GTGTGTCATAC
Gcn4p,GTGTGTCATTT
Gcn4p,GTTAGTCATG
Gcn4p,TAAGAGTCACCG
Gcn4p,TAAGAGTCAGA
Gcn4p,TAAGAGTCATTT
Gcn4p,TAATGAGTCACCT
Gcn4p,TAATGAGTCAGC
Gcn4p,TAATGAGTCAGTT
Gcn4p,TAGTCATTT
Gcn4p,TATGACTCATCA
Gcn4p,TATGAGTNAT
Gcn4p,TATGAGTNATT
Gcn4p,TATGANTCATG
Gcn4p,TATTACTCATT
Gcn4p,TATTACTCATTT
Gcn4p,TATTAGTCAC
Gcn4p,TATTAGTCACAT
Gcn4p,TATTAGTCAGC
Gcn4p,TATTAGTCATA
Gcn4p,TATTAGTCATAA
Gcn4p,TATTAGTCATAT
Gcn4p,TATTAGTCATGT
Gcn4p,TATTAGTCATTG
Gcn4p,TATTAGTCATTTTT
Gcn4p,TCAGTCATTC
Gcn4p,TCTGACTCACG
Gcn4p,TCTGAGTCAGC
Gcn4p,TCTTACTCATC
Gcn4p,TCTTACTCATT
Gcn4p,TCTTAGTCA
Gcn4p,TCTTAGTCACT
Gcn4p,TCTTAGTCATCA
Gcn4p,TCTTAGTCATTC
Gcn4p,TCTTAGTCATTG
Gcn4p,TGAATCATC
Gcn4p,TGANTCATT
Gcn4p,TGATGAGTCACCA
Gcn4p,TGATGAGTCAGA
Gcn4p,TGCGTCATAA
Gcn4p,TGCGTCATT
Gcn4p,TGTGAGTCANA
Gcn4p,TGTGAGTCATCAT
Gcn4p,TGTGAGTCATGA
Gcn4p,TGTTAGTCAC
Gcn4p,TGTTAGTCAGC
Gcn4p,TGTTAGTCATCA
Gcn4p,TNGAGTCATAC
Gcn4p,TTAAGAGTCATCAT
Gcn4p,TTATGAGTCATCT
Gcn4p,TTATGATTAAGAGTCATAC
Gcn4p,TTATTAGTCACA
Gcn4p,TTATTAGTCATAC
Gcn4p,TTATTAGTCATAT
Gcn4p,TTATTAGTCATTC
Gcn4p,TTCAGTCATCT
Gcn4p,TTCTGAGTCACG
Gcn4p,TTGACTCATTC
Gcn4p,TTGAGTCACTG
Gcn4p,TTGAGTCATCG
Gcn4p,TTGAGTCATG
Gcn4p,TTGAGTCATGG
Gcn4p,TTGTGAGTCANA
Gcn4p,TTGTGAGTCATAT
Gcn4p,TTTACTCATA
Gcn4p,TTTACTCATC
Gcn4p,TTTACTCATCA
Gcn4p,TTTAGTCATA
Gcn4p,TTTAGTCATAA
Gcn4p,TTTAGTCATAT
Gcn4p,TTTAGTCATCC
Gcn4p,TTTGACTCATCA
Gcn4p,TTTGACTCATG
Gcn4p,TTTGACTCATTG
Gcn4p,TTTGAGTCAGA
Gcn4p,TTTGAGTCAGC
Gcn4p,TTTGAGTCATAA
Gcn4p,TTTGAGTCATCC
Gcn4p,TTTTAGTCACA
Gcn4p,TTTTAGTCATA
Gcn4p,TTTTAGTCATCC
Gcn4p,TTTTAGTCATCG
Gcn4p,TTTTAGTCATTC
Gcn4p,AAAAGAGTCATAA
Gcn4p,AAATTAGTCAGC
Gcn4p,AATGTGTCAC
Gcn4p,AATTAGTCACT
Gcn4p,AGGTGAGTCATG
Gcn4p,ATGAATCATC
Gcn4p,GAAGAGTCA
Gcn4p,GAAGAGTCATGG
Gcn4p,GAAGAGTCATTC
Gcn4p,GACTCATCT
Gcn4p,GCTTACTCATA
Gcn4p,GGAAGAGTCA
Gcn4p,GNTAGTCATNT
Gcn4p,TATTAGTCAG
Gcn4p,TCTTACTCATCA
Gcn4p,TGTGAGTCANT
Gcn4p,TGTGAGTCATAC
Gcn4p,TTATTAGTCACAT
Gcn4p,TTCAGTCATTT
Gcn4p,TTTACTCATT
Gcn4p,AAAAGAGTCA
Gcn4p,AAAAGAGTCACCT
Gcn4p,AAATTAGTCATAC
Gcn4p,AAATTAGTCATTG
Gcn4p,AATCAGTCATT
Gcn4p,AATTACTCATA
Gcn4p,AATTACTCATTT
Gcn4p,AGAGTCATGA
Gcn4p,AGTGTGTCATA
Gcn4p,ATATGAGTCACCG
Gcn4p,ATATGAGTCATCG
Gcn4p,ATCAGTCATCT
Gcn4p,ATGCGTCATT
Gcn4p,ATGTGTCATA
Gcn4p,ATGTGTCATAC
Gcn4p,ATGTGTCATC
Gcn4p,ATTGAGTCATTA
Gcn4p,ATTTGAGTCATTC
Gcn4p,CAATGAGTC
Gcn4p,CATTAGTCAGC
Gcn4p,CGTGAGTCATG
Gcn4p,CTGAGTCAGTT
Gcn4p,CTGAGTCANA
Gcn4p,CTTAGTCATAT
Gcn4p,CTTTAGTCAGC
Gcn4p,CTTTAGTCATGT
Gcn4p,GAAGAGTCAGAT
Gcn4p,GAGAGTCATCA
Gcn4p,GAGTCATCAT
Gcn4p,GAGTCATTTT
Gcn4p,GATGANTCAT
Gcn4p,GGAAGAGTCACG
Gcn4p,GGTTAGTCAGC
Gcn4p,GTGACTCATTA
Gcn4p,GTGACTCATTG
Gcn4p,GTTAGTCATT
Gcn4p,TAAGAGTCATCA
Gcn4p,TAATGAGTC
Gcn4p,TATGAGTCATG
Gcn4p,TATGAGTNATAT
Gcn4p,TCTGAGTCAGA
Gcn4p,TCTTACTCATA
Gcn4p,TGANTCATTT
Gcn4p,TGTGTCATTT
Gcn4p,TGTTAGTCATAT
Gcn4p,TTATGAGTCANA
Gcn4p,TTGACTCATG
Gcn4p,TTTGACTCATTTTT
Gcn4p,TTTGAGTCATCA
Gcn4p,TTTTAGTCACT
Gcn4p,TTTTAGTCATTG
Mig3p,AATTRTCCGGGG
Mig3p,TATAGTGCGGGG
Mig3p,ATTTTTGTGGGG
Mig3p,GAATAYCTGGGG
Mig3p,TTATTTCTGGGG
Mig3p,TAAAAGCCGGGG
Mig3p,TTAAAAGCGGGG
Mig3p,TTAAACGTGGGG
Mig3p,ATAAAACTGGGG
Mig3p,ATAAACGCGGGG
Mig3p,ATTAATGTGGGG
Mig3p,AAAAATGCGGGG
Mig3p,ATTTTGCGGGG
Gln3p,GATAAG
Gln3p,GATTAG
Aca1p,TGACGTCA
Aca1p,TTACGTAA
Mot2p,ATATA
Flo8p,TTTGCN{97}GCAAA
Flo8p,CGGGGTTTTCT
Swi4p,CACGAAA
Swi4p,TTTTCGCT
Com2p,AGGGG
Com2p,TCAGGGGT
Com2p,AATAGGAG
Com2p,ATAGGGG
Com2p,ATAGGAG
Com2p,ATAGGGT
Rph1p,CCCCT
Rph1p,AGGGG
Znf1p,CGGN{9}CGG
Hac1p,CAGCGTG
Hac1p,ATGGTATCAT
Hac1p,TGACGTCA
Hac1p,CCAGC
Gat1p,GATAAG
Pho4p,CACGTK
Pho4p,CACGTGGG
Fzf1p,CGTATCGTATAAGGCAACAATAG
Fzf1p,YGSMNMCTATCAYTTYY
Hap2p,TNATTGGT
Mig2p,AATTRTCCGGGG
Mig2p,TATAGTGCGGGG
Mig2p,ATTTTTGTGGGG
Mig2p,GAATAYCTGGGG
Mig2p,TTATTTCTGGGG
Mig2p,TAAAAGCCGGGG
Mig2p,TTAAAAGCGGGG
Mig2p,TTAAACGTGGGG
Mig2p,ATAAAACTGGGG
Mig2p,ATAAACGCGGGG
Mig2p,ATTAATGTGGGG
Mig2p,AAAAATGCGGGG
Mig2p,ATTTTGCGGGG
Mig2p,CCCCRC
Cup2p,HTHNNGCTGD
Cup2p,GCGTCTTTTCCGCTGA
Cup2p,TCTTTTGCTG
Cup2p,TCTTTTTGCTG
Cup2p,TCTTTTTTGCTG
Sut1p,TGTCGCCG
Sut1p,GCGCCGGGT
Sut1p,GCACGGCG
Sut1p,GAACGCCGGG
Sut1p,TTTTTCAGCGCCGTG
Sut1p,TTTTGCAAACGCCGAAT
Sut1p,TTTTCCGC
Sut1p,TTCGCCGAAT
Sut1p,GCGCCGTG
Sut1p,GCGCCGGGC
Sut1p,GCGCCGGG
Sut1p,GCCGAAGG
Sut1p,GCACGCCGCG
Sut1p,GACGCCGAT
Sut1p,GACGCCGAAT
Sut1p,GACGCCGAAAAA
Sut1p,GAACGCCGAAT
Sut1p,GAACGCCG
Sut1p,CGGCGCCGAAAAA
Sut1p,CGGAAAAA
Sut1p,CCCGCCGAAAAA
Sut1p,CAGCGCCGAGAT
Sut1p,CAGCGCCG
Sut1p,ACGCCGGTC
Sut1p,ACGCCGGAG
Sut1p,ACGCCGCAT
Sut1p,AAGGGAAACGCCGGAGGCGACG
Sut1p,AAGGGAAA
Sut1p,AACGGCGCCG
Sut1p,AACGCCGAC
Sut1p,AAACGCCGCG
Sut1p,AAACGCCGAAT
Sut1p,TTCGCCGAGC
Sut1p,TTCGCCGAGAT
Sut1p,TTCGCCGAGA
Sut1p,TTCGCCGAAAC
Sut1p,TTCGCCGAAAA
Sut1p,TTCGCCGA
Sut1p,TGCCGTCG
Sut1p,TGCCGATA
Sut1p,TGCCGAGCA
Sut1p,TGCCGAAAC
Sut1p,TGCCGAAAA
Sut1p,TGCCGAAA
Sut1p,TCGCCGGGT
Sut1p,TCGCCGGGC
Sut1p,TCGCCGAGC
Sut1p,TCGCCGAAGA
Sut1p,TAGCGCCGCAT
Sut1p,TAGCGCCG
Sut1p,TAGCAGCCAAGC
Sut1p,TACGCCGAATG
Sut1p,GTTCCGAT
Sut1p,GTGCGGTG
Sut1p,GGGCGCCG
Sut1p,GGCGCCGCAT
Sut1p,GGCGCCGCA
Sut1p,GGCGCCGAAGG
Sut1p,GCTCCGCCG
Sut1p,GCTCCGCC
Sut1p,GCGCCGAAGA
Sut1p,GCCGCCGAGC
Sut1p,GCCGCCGAGAAA
Sut1p,GCCGCCGAAGA
Sut1p,GCCGCCGAAG
Sut1p,GCCGCCGAAC
Sut1p,GCCGCCGAAAC
Sut1p,GCCGCCGAAA
Sut1p,GCCGAGAT
Sut1p,GCCGAGAAA
Sut1p,GCCGAATG
Sut1p,GCCGAAAC
Sut1p,GCCGAAAAA
Sut1p,GCCGAAAA
Sut1p,GCACGCCGAATG
Sut1p,GACGCCGAC
Sut1p,GACGCCGAAA
Sut1p,GAACGCCGGGT
Sut1p,GAACGCCGCG
Sut1p,GAACGCCGCA
Sut1p,CTCCGCCG
Sut1p,CTACGCCGGTC
Sut1p,CTACGCCGAGA
Sut1p,CTACGCCGAAAA
Sut1p,CGGCGCCGCGT
Sut1p,CGGCGCCGAAA
Sut1p,CGGCGCCGA
Sut1p,CGCTTAAAAGCCGAACGCTCTAC
Sut1p,CGCTTAAA
Sut1p,CGCTCTAC
Sut1p,CGCCGAGAA
Sut1p,CGCCGAGA
Sut1p,CGCATAAACGCCGAAAA
Sut1p,CCTTGCCG
Sut1p,CCGGGGAA
Sut1p,CCGCCGAAT
Sut1p,CCGAAAAA
Sut1p,CCCGCCGAACGGCGA
Sut1p,CCCGCCGA
Sut1p,CATCGCCGAAGA
Sut1p,CAGCCAAGC
Sut1p,CACGGCAT
Sut1p,CAACGCCGGGT
Sut1p,CAACGCCGAGAA
Sut1p,CAACGCCGACA
Sut1p,CAACGCCGAAGG
Sut1p,ATTTTGCC
Sut1p,ATGCCGAAGG
Sut1p,ATGCCGAAAC
Sut1p,ATGCCGAAA
Sut1p,ATGCCGAA
Sut1p,ATCGCCGAAC
Sut1p,ATCGCCGAAA
Sut1p,AGTGGCAA
Sut1p,AGCCGAAC
Sut1p,ACGCCGGGT
Sut1p,ACGCCGGA
Sut1p,ACGCCGCGT
Sut1p,ACGCCGCG
Sut1p,ACGCCGAC
Sut1p,AAGCCGAAAC
Sut1p,AAGCCGAA
Sut1p,AACGGCGA
Sut1p,AACGGAAG
Sut1p,AACGCCGAGC
Sut1p,AACGCCGAAGG
Sut1p,AAAGCCGAA
Sut1p,AAACGCCGGGT
Sut1p,AAACGCCGGGC
Sut1p,AAACGCCGCA
Sut1p,AAACGCCGACA
Sut1p,AAACGCCG
Sut1p,TTCGCCGAG
Sut1p,TTCGCCGAAC
Sut1p,TACGCCGAC
Sut1p,TACGCCGAAG
Sut1p,GGCGCCGAGAT
Sut1p,GCACGCCGGT
Sut1p,ATGCCGAAAA
Sut1p,ACGCCGAAA
Sut1p,AAACGCCGGAG
Hsf1p,NGAANNTTCN
Hsf1p,NTTCNNGAAN
Hsf1p,NGAANNTTCNNGAAN
Hsf1p,NGAANNNNNNNGAANNNNNNNGAAN
Hsf1p,CTTCATGAAA
Hsf1p,TTCTAGAANNTTCTAGAA
Hsf1p,TTCNNGAA
Hsf1p,TTCNNGAANNTTC
Hsf1p,GAANNTTCNNGAA
Hsf1p,TTCNNGAANNTTCNNGAA
Hsf1p,TTCNNGAANNNNNNNGAA
Hsf1p,TTCNNNNNNNTTCNNGAA
Hsf1p,TTCNNNNNNNTTCNNNNNNNTTC
Hsf1p,GAANNNNNNNGAANNNNNNNGAA
Hsf1p,TTCTTCNNNNNNNTTC
Aft1p,YRCACCCR
Aft1p,TGCACCC
Aft1p,GGCACCC
Aft1p,TGCACCCA
Mig1p,AATTRTCCGGGG
Mig1p,TATAGTGCGGGG
Mig1p,ATTTTTGTGGGG
Mig1p,GAATAYCTGGGG
Mig1p,TTATTTCTGGGG
Mig1p,TAAAAGCCGGGG
Mig1p,TTAAAAGCGGGG
Mig1p,TTAAACGTGGGG
Mig1p,ATAAAACTGGGG
Mig1p,ATAAACGCGGGG
Mig1p,ATTAATGTGGGG
Mig1p,AAAAATGCGGGG
Mig1p,ATTTTGCGGGG
Mig1p,CCCCRC
Mig1p,SYGGRG
Pdr1p,TCCGCGGA
Pdr1p,TCCGTGGA
Pdr1p,TCCACGGA
Pdr1p,TCCGCGCA
Pdr1p,TCCGCGGG
Rme1p,GTACCACAAAA
Rme1p,GTACCTCAAAA
Rme1p,GAACCTCAARA
Rim101p,TGCCAAG
Rim101p,CTTGGCR
Yap3p,TTACTAA
Yap3p,TGACTCA
Yap3p,ATTACGTAAT
Stp2p,CGGCTC
Stp2p,CGGGGTGNNNNNNNCGCACCG
Stp2p,CNCACCNG
Ste12p,TGAAACA
Ste12p,MTGAAACA
Ste12p,ATGAAACA
Ste12p,GGAAACA
Ste12p,TGTTTCAN{21}GGAAACG
Ste12p,TGTTTCCN{18}TGTTTCT
Ste12p,ATAAAACA
Ste12p,ATGCAACA
Ste12p,ATGAAACAATGAAACA
Ste12p,TTGAAACAATGAAACA
Ste12p,ATGAAACAATGAGACA
Ste12p,ATGAAACAATGAAACG
Ste12p,TTGAAACAATGAAACG
Ste12p,CGTTTCAAAATGAAACA
Ste12p,ATGAACAN{3}ATGAAACA
Ste12p,ATGAACAN{40}ATGAAACA
Ste12p,CGTTTCAN{40}ATGAAACA
Ste12p,TGTTTCA
Ste12p,GTTTCANNNTGAAAC
Ndt80p,GNCRCAAAW
Ndt80p,CACAAA
Rof1p,TTAAGGTT
Stb5p,TCTCCGCGAAC
Stb5p,CGGNS
Stb5p,TATCTCCG
Stb5p,TATCTCC
Stb5p,TATCACC
Stb5p,TANNTCCG
Stb5p,TANCNCCG
Stb5p,TAANNCCG
Stb5p,TAAGTCCG
Stb5p,TAAGTCC
Stb5p,TAAGCCCG
Stb5p,TAACTCCG
Stb5p,TAACTCC
Stb5p,TAACNCCG
Stb5p,TAACCCCG
Stb5p,TAACCCC
Stb5p,TAACACCGC
Stb5p,TAACACCG
Stb5p,TAACACC
Stb5p,CACCGC
Stb5p,ATGTCCG
Stb5p,ATCTCCG
Stb5p,ATAACTCCG
Stb5p,ATAACTCC
Stb5p,ATAACNCCG
Stb5p,ATAACCCCG
Stb5p,ATAACACCGC
Stb5p,ATAACACCG
Stb5p,ACTCCG
Stb5p,ACCCCG
Stb5p,ACACCGC
Stb5p,ACACCG
Stb5p,AAGTCCG
Stb5p,AAGCCCG
Stb5p,AACTCC
Stb5p,AACACCGC
Stb5p,AACACC
Stb5p,AAANNCCG
Stb5p,AAACTCCG
Stb5p,AAACCCCG
Stb5p,AAACACCGC
Stb5p,AAACACCG
Stb5p,AAACACC
Stb5p,AAAACACCGC
Stb5p,AAAACACCG
Stb5p,TATCACCGC
Stb5p,TAAGCCC
Stb5p,TAACNCC
Stb5p,ATAACCCC
Stb5p,ATAACACC
Stb5p,AACTCCG
Stb5p,AACCCCG
Stb5p,AAAACACC
Stb5p,ATAACNCC
Stb5p,AACACCG
Skn7p,GGCYGGC
Skn7p,AGAACGTTC
Skn7p,ATTTGGYTGGGCC
Skn7p,GGCGAGATCT
Skn7p,GGCCCAGA
Skn7p,GGCCGGC
Skn7p,GGCCAGA
Skn7p,GGCTGGC
Skn7p,GGCCR
Fkh1p,GTMAACAA
Fkh1p,RTAAAYAA
Fkh1p,RYMAAYA
Fkh1p,RYAAACAWW
Fkh1p,AAACA
Fkh1p,GTAAACAA
Xbp1p,CTCGA
Cst6p,TGACGTCA
Cst6p,TTACGTAA
Cst6p,GTGACGT
Yap5p,TTACTAA
Dal81p,SAAAWNTGCGBT
Dal81p,GAAAATTGCGTT
Dal81p,CGGCN{6}GCCG
Gzf3p,GATAAG
Gsm1p,CGGNNNNNNNNCGG
Gsm1p,CGGNNNNNNNNNCGG
Cbf1p,RTCACGTG
Cbf1p,RTCACRTG
Cbf1p,TCACGTT
Cbf1p,CACGTG
Cbf1p,AAAGCACGTG
Cbf1p,AAAGCACGTGAACA
Cbf1p,AAAGCACGTGAG
Cbf1p,AAAGCACGTGCNCA
Cbf1p,AAAGCACGTGGNC
Cbf1p,AAANCACGTG
Cbf1p,AAATCACGT
Cbf1p,AAATCACGTGACA
Cbf1p,AAATCACGTGCGA
Cbf1p,AAATCACGTGGT
Cbf1p,AAATCACGTGT
Cbf1p,AAATCACGTTT
Cbf1p,AACCACGTG
Cbf1p,AACCACGTGTAT
Cbf1p,AAGCACGT
Cbf1p,AAGTCACGTGAAA
Cbf1p,AAGTCACGTGCAA
Cbf1p,AAGTCACGTGCAC
Cbf1p,AAGTCACGTGG
Cbf1p,AAGTCACGTGTT
Cbf1p,AANCACGTG
Cbf1p,AATCACGTGGGA
Cbf1p,AATCACGTGTG
Cbf1p,ACATCACGTGAAA
Cbf1p,ACATCACGTGAAT
Cbf1p,ACATCACGTGATA
Cbf1p,ACATCACGTGCACA
Cbf1p,AGAGCACGTGCGA
Cbf1p,AGATCACG
Cbf1p,AGATCACGTGAAT
Cbf1p,AGATCACGTGCAA
Cbf1p,AGATCACGTGCACA
Cbf1p,AGATCACGTGGAG
Cbf1p,AGCACNTGC
Cbf1p,AGGCACGTGAT
Cbf1p,AGGCACGTGCTA
Cbf1p,AGGTCACGTGAAG
Cbf1p,AGGTCACGTGANC
Cbf1p,AGGTCACGTGC
Cbf1p,AGGTCACGTGTTT
Cbf1p,AGGTCACGTT
Cbf1p,AGTCACGTGANA
Cbf1p,AGTCANGTGA
Cbf1p,AGTCANGTGAT
Cbf1p,ANGCACGTG
Cbf1p,ANGCACGTGC
Cbf1p,ANTCACGTGATC
Cbf1p,ATATCACGTGAAT
Cbf1p,ATATCACGTGATT
Cbf1p,ATATCACGTGCTT
Cbf1p,ATATCACGTGGA
Cbf1p,ATCACATGAC
Cbf1p,ATCACATGATA
Cbf1p,ATGGCACGTGTAT
Cbf1p,ATGTCACGTGCAC
Cbf1p,ATGTCACGTGCACA
Cbf1p,ATGTCACGTGCTT
Cbf1p,ATGTCACGTTTT
Cbf1p,ATNTCACGTGG
Cbf1p,CACGTGAAA
Cbf1p,CACGTGAAT
Cbf1p,CACGTGAG
Cbf1p,CACGTGGAA
Cbf1p,CAGCACGTG
Cbf1p,CAGCACGTGGG
Cbf1p,CAGTCACGTGANA
Cbf1p,CAGTCACGTGTAT
Cbf1p,CANCACGTG
Cbf1p,CANCACGTGAG
Cbf1p,CANTCACGTGATC
Cbf1p,CCATCACGTGATA
Cbf1p,CCATCACGTGTA
Cbf1p,CCGTCACGTGGAA
Cbf1p,CGATCACGTGAAT
Cbf1p,CGATCACGTGGAA
Cbf1p,CGATCACGTGGTC
Cbf1p,CGGCACGTGAT
Cbf1p,CGTCACGTGCAC
Cbf1p,CGTCACGTGGGA
Cbf1p,CGTCACGTGTAA
Cbf1p,CNTCACGTGCNA
Cbf1p,CTATCACGTGATA
Cbf1p,CTATCACGTGCCA
Cbf1p,CTATCACGTGT
Cbf1p,CTATCACGTGTG
Cbf1p,CTATCACGTGTTT
Cbf1p,GAAGCACGTG
Cbf1p,GAGCACGTGA
Cbf1p,GANCACGTGA
Cbf1p,GATCACATG
Cbf1p,GATCACGTGATC
Cbf1p,GATCACGTGCTA
Cbf1p,GATCACGTGGG
Cbf1p,GATCANGTGA
Cbf1p,GATCANGTGAT
Cbf1p,GCACGTGAAC
Cbf1p,GCACGTGCNC
Cbf1p,GCAGCACGTG
Cbf1p,GCATCACGTGAAA
Cbf1p,GCATCACGTGACT
Cbf1p,GGCACGTGAT
Cbf1p,GGCCACGTGA
Cbf1p,GGGTCACGTGAT
Cbf1p,GGGTCACGTGCAT
Cbf1p,GGGTCACGTGCGG
Cbf1p,GGGTCACGTGGGA
Cbf1p,GGGTCACGTGTAT
Cbf1p,GGGTCACGTGTGT
Cbf1p,GGTCACATGGT
Cbf1p,GGTCACGTGANT
Cbf1p,GGTCACGTGCGG
Cbf1p,GGTCACGTGCTCA
Cbf1p,GGTCACGTGTAA
Cbf1p,GGTCANGTGA
Cbf1p,GGTCANGTGAT
Cbf1p,GNTCACGTGCTC
Cbf1p,GTCANGTGA
Cbf1p,GTCANGTGAT
Cbf1p,GTGTCACGTGAG
Cbf1p,GTGTCACGTGANA
Cbf1p,GTGTCACGTGATA
Cbf1p,GTGTCACGTGATC
Cbf1p,TAAGCACGTGCNCA
Cbf1p,TAAGCACGTGCNG
Cbf1p,TAATCACGTGACT
Cbf1p,TAATCACGTGATC
Cbf1p,TAATCACGTGCG
Cbf1p,TAGCACGTG
Cbf1p,TAGTCACGTGANA
Cbf1p,TAGTCACGTGCG
Cbf1p,TAGTCACGTGCTC
Cbf1p,TAGTCACGTGGG
Cbf1p,TAGTCACGTGGT
Cbf1p,TAGTCACGTGGTC
Cbf1p,TATATCACGTGATC
Cbf1p,TATATCACGTGCTCA
Cbf1p,TATCACGTGCAA
Cbf1p,TATCACGTTTT
Cbf1p,TATCANGTG
Cbf1p,TCACGTGANC
Cbf1p,TCACGTGATA
Cbf1p,TCACGTGATC
Cbf1p,TCACGTGATT
Cbf1p,TCACGTGCTCA
Cbf1p,TCATCACGTGGA
Cbf1p,TGATCACGTGAAA
Cbf1p,TGATCACGTGATA
Cbf1p,TGATCACGTGATT
Cbf1p,TGATCACGTGCGA
Cbf1p,TGATCACGTT
Cbf1p,TGCCACGTGA
Cbf1p,TGGCACGTGA
Cbf1p,TGGCACGTGCNA
Cbf1p,TGGTCACGTGAAT
Cbf1p,TGGTCACGTGCAA
Cbf1p,TGGTCACGTGCAT
Cbf1p,TGGTCACGTGCG
Cbf1p,TGGTCACGTGCGG
Cbf1p,TGGTCACGTGG
Cbf1p,TGGTCACGTGGA
Cbf1p,TGGTCACGTGGTC
Cbf1p,TGGTCACGTGGTT
Cbf1p,TGGTCACGTGTG
Cbf1p,TGNTCACGTGA
Cbf1p,TGTCACATGAC
Cbf1p,TGTCACGTGCAA
Cbf1p,TTATCACGTGACT
Cbf1p,TTATCACGTGAT
Cbf1p,TTATCACGTGATC
Cbf1p,TTATCACGTGTG
Cbf1p,TTCATCACGTGCG
Cbf1p,TTCATCACGTGTGT
Cbf1p,TTGATCACGTGAAA
Cbf1p,TTGATCACGTGACA
Cbf1p,TTGATCACGTGATT
Cbf1p,TTNTCACGTGAT
Cbf1p,AAACCACGTGAAAA
Cbf1p,AAACCACGTGAG
Cbf1p,AAAGCACGTGTG
Cbf1p,AAANCACGTGTA
Cbf1p,AAGTCACGTT
Cbf1p,AAGTCACGTTT
Cbf1p,AATCACGTTTT
Cbf1p,ACATCACGTGTG
Cbf1p,ACATCACGTGTGT
Cbf1p,ACATCACGTT
Cbf1p,ACATCACGTTT
Cbf1p,AGATCACGTTT
Cbf1p,AGCCACGTGTA
Cbf1p,AGGCACGTGCTGC
Cbf1p,AGGCACGTGGA
Cbf1p,AGGCACGTGGT
Cbf1p,AGGCACGTGTAT
Cbf1p,AGGCACGTGTG
Cbf1p,AGTCACGTTT
Cbf1p,AGTCANGTG
Cbf1p,ANCACGTGC
Cbf1p,ANCACGTGCNC
Cbf1p,ANGCACGTGAACA
Cbf1p,ANGCACGTGGT
Cbf1p,ANTCACGTGCAA
Cbf1p,ANTCACGTGCTC
Cbf1p,ATCACATG
Cbf1p,ATCACATGA
Cbf1p,ATCACATGGT
Cbf1p,ATGGCACGTGAG
Cbf1p,ATGGCACGTGCGA
Cbf1p,ATGGCACGTGTG
Cbf1p,ATNTCACGTGAAT
Cbf1p,ATNTCACGTGAT
Cbf1p,CACATGAC
Cbf1p,CACATGAT
Cbf1p,CACGTGAACA
Cbf1p,CACGTGAAG
Cbf1p,CACGTGCAA
Cbf1p,CACGTGCGA
Cbf1p,CACGTGCGG
Cbf1p,CACGTGCTGC
Cbf1p,CACGTGGAG
Cbf1p,CACGTGGGA
Cbf1p,CACGTGGNC
Cbf1p,CACGTGGT
Cbf1p,CACGTGTT
Cbf1p,CACGTGTTT
Cbf1p,CAGCACGTGC
Cbf1p,CAGCACGTGTTT
Cbf1p,CAGTCACGTT
Cbf1p,CANTCACGTGTAA
Cbf1p,CCATCACGTGGA
Cbf1p,CCATCACGTGTT
Cbf1p,CCGTCACGTGAAG
Cbf1p,CCGTCACGTGG
Cbf1p,CGATCACGTGTG
Cbf1p,CGGCACGTGAG
Cbf1p,CGTCACGTTTT
Cbf1p,CNTCACGTGCTG
Cbf1p,GAGCACGTGGT
Cbf1p,GANCACGTGGTC
Cbf1p,GATCACATGA
Cbf1p,GATCACGTTTT
Cbf1p,GCACGTGCAC
Cbf1p,GCACGTGCG
Cbf1p,GCACGTGGAA
Cbf1p,GCAGCACGTGGG
Cbf1p,GCCACGTGTTT
Cbf1p,GGCACGTGAAT
Cbf1p,GGCCACGTGCAG
Cbf1p,GGGTCACGTTT
Cbf1p,GGTCACATG
Cbf1p,GGTCACATGATA
Cbf1p,GGTCANGTG
Cbf1p,GNTCACGTGGTT
Cbf1p,GTCACATG
Cbf1p,GTCACATGATA
Cbf1p,TAGTCACGTTT
Cbf1p,TAGTCACGTTTT
Cbf1p,TATATCACGTT
Cbf1p,TATCACATG
Cbf1p,TATCACGTGGAA
Cbf1p,TATCACGTT
Cbf1p,TATCANGTGNT
Cbf1p,TCACATGA
Cbf1p,TCACATGAC
Cbf1p,TCACGTGC
Cbf1p,TCACGTGCTA
Cbf1p,TCACGTGGAG
Cbf1p,TCATCACGTGT
Cbf1p,TGAGCACGT
Cbf1p,TGATCACG
Cbf1p,TGATCACGTTT
Cbf1p,TGCCACGTGAAA
Cbf1p,TGCCACGTGC
Cbf1p,TGCCACGTGCGA
Cbf1p,TGGCACGTGGG
Cbf1p,TGNGCACGTGGT
Cbf1p,TGTCACATG
Cbf1p,TGTCACATGAT
Cbf1p,TGTCACGTTT
Cbf1p,TNTCACGTGAG
Cbf1p,TTATCACGT
Cbf1p,TTCATCACGTGTAA
Cbf1p,TTGATCACGTGGG
Cbf1p,TTGATCACGTT
Cbf1p,TTGATCACGTTT
Cbf1p,TTNTCACGTGATA
Cbf1p,TTNTCACGTGCTA
Cbf1p,AAAGCACGT
Cbf1p,AAANCACGTGCAG
Cbf1p,AACCACGTGTT
Cbf1p,AAGCACGTGTA
Cbf1p,AATCACGT
Cbf1p,ACATCACGTGGAA
Cbf1p,AGGCACGTGTTT
Cbf1p,AGGTCACGTTTT
Cbf1p,AGTCACGT
Cbf1p,AGTCACGTTTT
Cbf1p,ATGTCACGT
Cbf1p,ATNTCACGTGTA
Cbf1p,CACGTGCAG
Cbf1p,CACGTGTAT
Cbf1p,CANCACGTGCAT
Cbf1p,CANCACGTGCNA
Cbf1p,CANTCACGTGCTTA
Cbf1p,CTATCACGTT
Cbf1p,GANCACGTGAACA
Cbf1p,GANCACGTGAAT
Cbf1p,GATCACATGGT
Cbf1p,GATCACGTT
Cbf1p,GCACGTGAAAA
Cbf1p,GCACGTGTTTC
Cbf1p,GCAGCACGT
Cbf1p,GCATCACGTT
Cbf1p,GGCACGTGG
Cbf1p,TAGCACGTGC
Cbf1p,TATCACATGAT
Cbf1p,TCATCACGTGTA
Cbf1p,TGCCACGTGGG
Cbf1p,TTATCACG
Cbf1p,TTATCACGTTT
Cbf1p,TTNTCACGTGC
Ime1p,TTTTCHHCG
Ash1p,YTGAT
Abf1p,AGCCGTAAATAGTTATCTTCCAAG
Abf1p,RTCRYYYN{3}ACG
Abf1p,RTCRYBN{4}ACG
Abf1p,TCN{7}ACG
Abf1p,RTCRN{6}ACGNR
Abf1p,TCRTN{5}AYGA
Abf1p,TNNCGTNNNNNNTGAT
Hap4p,TNATTGGT
Hap4p,TTTGCC
Hap4p,TTGGTT
Hap4p,TTGGTC
Hap4p,TTGGCT
Hap4p,TTCCATTGGTT
Hap4p,TTCCAT
Hap4p,TCTTGGTT
Hap4p,TCTTGGT
Hap4p,TCTTGGG
Hap4p,TATTGGCT
Hap4p,GCTGAT
Hap4p,GATTCGC
Hap4p,CTTTGG
Hap4p,CTTGGTC
Hap4p,CTTGGG
Hap4p,CTAATT
Hap4p,CGCATTCGC
Hap4p,CGCATT
Hap4p,CCATAT
Hap4p,CATTTG
Hap4p,ATTGGTT
Hap4p,ATTGGTC
Hap4p,ATTGGT
Hap4p,ATTCGG
Hap4p,ATTCGC
Hap4p,AGCGCTCTTGGTT
Hap4p,AGCGCT
Msn4p,CCCCT
Msn4p,AGGGG
Rgt1p,CGGANNA
Ixr1p,KTTSAAYKGTTYASA
Put3p,CGGN{10}CCG
Dal80p,"GATAAGN{15,20}GATAAG"
Bas1p,TGACTC
Ppr1p,CGGN{6}CCG
Cha4p,CGGN{10}CCG
Cha4p,CGGN{10}CCA
Ace2p,ACCAGC
Rfx1p,TCGCCATGGCAAC
Rfx1p,TTGCCATGGCAAC
Rfx1p,TCGCCATGACAAC
Rfx1p,CTATTGCTGCAAC
Rfx1p,TCTCTGTGGCAAC
Rfx1p,TTGTCACAGCAAC
Rfx1p,TTGTCGCAGCAAC
Rfx1p,TTGTTGTGGCAAC
Rfx1p,TTTCCACAGCAAC
Rfx1p,TYGCCATGCCAAC
Ecm22p,TCGTATA
Hap1p,CGGN{3}TANCGG
Hap1p,CGGN{6}CGG
Hap1p,CGGN{3}TANCGGN{3}TA
Hap1p,TCGCGTTCATATATATCGGATATACTCTTGAGGCACAATT
Hap1p,CGCATTTATCGC
Hap1p,CCGNTATNTCC
Hap1p,CCGATA
Hap1p,CCGXTATXTCC
Hap1p,TCCGATATA
Hap1p,TCCGATAAC
Hap1p,TCCGATAAA
Hap1p,TCCGATA
Hap1p,GGNGATAA
Hap1p,GGCGATAT
Hap1p,GGCGATAA
Hap1p,GGCCGATAAC
Hap1p,GCCGATATA
Hap1p,GCCGATAT
Hap1p,GCCGATAAA
Hap1p,GCCGATA
Hap1p,GCCGAT
Hap1p,GACCGATAT
Hap1p,GACCGATAAA
Hap1p,GACCGATA
Hap1p,GACCGA
Hap1p,CNGATTG
Hap1p,CGATAT
Hap1p,CGATAAA
Hap1p,CCNANAAC
Hap1p,CCGATAAA
Hap1p,ANCGATAT
Hap1p,ANCGATAAA
Hap1p,ANCGATA
Hap1p,ACCGATAAC
Hap1p,ACCGATA
Hap1p,ACCGAT
Hap1p,ACCGANA
Hap1p,ACCGAAATA
Hap1p,ACCGATAA
Hap1p,ACCGATAAA
Hap1p,ACCGATAT
Hap1p,ANCGATAA
Hap1p,ANCGATATA
Hap1p,ATNTCCG
Hap1p,CCGAAAT
Hap1p,CCGAAATA
Hap1p,CCGATAA
Hap1p,CCGATAG
Hap1p,CCGATAT
Hap1p,CCGATTG
Hap1p,CGATATA
Hap1p,CNGAAAT
Hap1p,GCCGATAA
Hap1p,GCCGATAAC
Hap1p,GCCGATAG
Hap1p,GCCGATTG
Hap1p,GCCGNTAAA
Hap1p,GCNGANAT
Hap1p,GGCCGAT
Hap1p,GGCCGATAA
Hap1p,GGCCGATAAA
Hap1p,GGCCGATAG
Hap1p,GGCGATAAA
Hap1p,GGCGATATA
Hap1p,GGNGATA
Hap1p,GNCGNTAA
Hap1p,TCCGAT
Hap1p,TCCGATAG
Hap1p,TCCGATAT
Hap1p,GACCGANA
Hap1p,GACCGAAAT
Hap1p,CGATAA
Hap1p,CCGNTANA
Hap1p,ACCGATTG
Hap1p,ACCGATATA
Hap1p,ACCGATAG
Hap1p,TCCGATTG
Hap1p,TCCGATAA
Hap1p,GCCGNTA
Hap1p,GACCGAT
Pdr8p,TCCGHGGA
Leu3p,CCGN{4}CGG
Leu3p,CCGGNNCCGG
Leu3p,CCGTTAACGG
Leu3p,CCGGAAC
Leu3p,TCGCCGGTCCCG
Leu3p,TCCGGTAGCAA
Leu3p,TTAACGG
Leu3p,TCGCCGGTTT
Leu3p,TCGCCGG
Leu3p,TCCGTTACCG
Leu3p,TCCGTTAC
Leu3p,TCCGGTACCG
Leu3p,GTCCGGTAGC
Leu3p,GGGCNGGT
Leu3p,GGCCCGGTTCCG
Leu3p,GGCCCGGAAC
Leu3p,GCGGAAT
Leu3p,GCCGGTTCCG
Leu3p,GCCGGTACCG
Leu3p,GCAGAAC
Leu3p,CTGCCGGTA
Leu3p,CTGCCGG
Leu3p,CCTGTTCC
Leu3p,CCGTTTCCG
Leu3p,CCGTTTC
Leu3p,CCGTTANCG
Leu3p,CCGTTANC
Leu3p,CCGTTACCGG
Leu3p,CCGTTAC
Leu3p,CCGGTCCCG
Leu3p,CCGGTCCC
Leu3p,CCGGTAGC
Leu3p,CCGGCCC
Leu3p,CCCGGTTT
Leu3p,GTTGCCGGTAC
Leu3p,GCCGGTTT
Leu3p,CTGCCGGT
Leu3p,CCTGTTC
Leu3p,CCCGCTCC
Leu3p,ACCGTTACCGGA
Arg81p,WWN{3}YARNHN{3}VVCGR
Arg81p,AAGTACAGTTAATAACGA
Arg81p,AAGTACAGTTAATAACGG
Arg81p,AAGTGCAACTGACTGCGA
Arg81p,AATGGAAATGGATAGCGA
Tda9p,GAGGGG
War1p,CGGN{23}CCG
Yap1p,TTACTAA
Yap1p,TGACTCA
Yap1p,TGACTAA
Yap1p,TKACAAA
Yap1p,TTACTCA
Yap1p,TGACAA
Stb4p,YTCGGAA
Mac1p,TTTGCKCR
Mac1p,WWWTTTGCTCR
Msn2p,CCCCT
Msn2p,RGGGG
Msn2p,AGGGG
Msn2p,TCAGGGGT
Msn2p,AACGGGGT
Arg80p,CCTCTAAAGG
Mcm1p,TTACCNAATTNGGTAA
Mcm1p,TTWCCYAAWNNGGWAAWW
Mcm1p,DCCYWWWNNRG
Mcm1p,CCYWWWNNRG
Mcm1p,CCTAATTAGG
Mot3p,WAGGTA
Mot3p,CAGGYA
Mot3p,AAGAGG
Mot3p,ATGGAT
Mot3p,TAGGTA
Mot3p,TAGGAT
Mot3p,TMGGAA
Mot3p,AAGGKA
Mot3p,AAGGWT
Mss11p,TTTGCN{97}GCAAA
Hot1p,GGGACAAA
Hot1p,CATTTGGC
Hot1p,CACTTTGAC
Cat8p,NCCDTYNVNCCGN
Cat8p,YCCNYTNRRCCGN
Cat8p,GCAGGCG
Cat8p,TCCATTG
Cat8p,GCAGAAA
Cat8p,CCGGTGG
Cat8p,GGCAATGAC
Cat8p,GCGGTTC
Cat8p,CGGATGA
Cat8p,CCATTGGCC
Cat8p,CNACGGCC
Cat8p,CCGATGA
Cat8p,GCATATT
Cat8p,GATGAAG
Cat8p,CCATTGG
Cat8p,AGCGGCG
Cat8p,GGCCAATGAC
Cat8p,AGCCGCT
Cat8p,GCGGAGG
Cat8p,GGCTACGGCCGAATGGGC
Cat8p,GGNCCNATG
Cat8p,CGCCGGGC
Cat8p,GGCGGTT
Cat8p,GCCGAAA
Cat8p,TCAACCGAGATG
Cat8p,GTCCATT
Cat8p,AATGGGC
Cat8p,CAAAGGG
Cat8p,CATTTGCC
Cat8p,GCCGGGNA
Cat8p,GCCGTGC
Cat8p,GGCGATTC
Cat8p,GGCAATG
Cat8p,CATCCGA
Cat8p,GCCGCAG
Cat8p,GCATATTNGGCAATG
Cat8p,CAACCGA
Cat8p,AAGCGGA
Cat8p,CGCCGGG
Cat8p,TCCATTGG
Cat8p,TGCCGGT
Cat8p,AAGCGGCG
Cat8p,GGCCAATG
Cat8p,AAGCGGCGATTC
Cat8p,GGTGCTG
Cat8p,GCCGAAT
Cat8p,TCAACCGA
Cat8p,GCCGGGC
Cat8p,GCCAATG
Cat8p,CCCGATA
Cat8p,CCCGATAG
Cat8p,CCGAATG
Cat8p,GCCGAATG
Cat8p,CTACGGC
Cat8p,TCCGAAG
Cat8p,TGCCGGTGG
Cat8p,GAGCGGC
Cat8p,GTGCGGCGATTC
Cat8p,GGGCNNATG
Cat8p,GGCTGTG
Cat8p,GTGCGGCTGTG
Cat8p,ACCGAGA
Cat8p,GAGCGGCG
Cat8p,GGNCNGATG
Cat8p,CATTTGC
Cat8p,CCATTGGGC
Cat8p,GGCTACG
Cat8p,TGCCGGTG
Cat8p,GGCCNAATG
Cat8p,CGAGATG
Cat8p,GGCCGAT
Cat8p,CCGATGAAG
Cat8p,ATTGGGC
Cat8p,TCATCCGA
Cat8p,AGCGGCGAT
Dal82p,SAAAWNTGCGBT
Dal82p,GAAAATTGCGTT
Rap1p,ACACCCRYACAY
Rap1p,ACACCCAYACAYYY
Gcr2p,GTTGCAACA
Gcr2p,AAAGAGAG
Gcr2p,AAAAAATG
Gcr2p,GCTTCCTCT
Gcr2p,GAAAAAAG
Gcr2p,CAGGCAAAAAACG
Gcr2p,ATGGTGATNATTGCAAA
Gcr2p,ATGGCAAACAAAAG
Gcr2p,ATGGAAAA
Gcr2p,AAACAAAA
Gcr2p,AAAAGAAA
Gcr2p,TCTCTCAA
Gcr2p,ACTTTGCCATATGCAAAA
Gcr2p,ACTTTGCC
Gcr2p,AATGCAAA
Gcr2p,TATGGAAA
Gcr2p,AAGGAAGC
Sko1p,TGACGTTT
Sko1p,TGACGTCA
Sko1p,TTACGTAA
Sko1p,ATGACGTA
Met4p,TCACGTG
Fkh2p,GTMAACAA
Fkh2p,RTAAAYAA
Fkh2p,RYMAAYA
Fkh2p,RYAAACAWW
Fkh2p,AAACA
Fkh2p,GTAAACAA
Crz1p,CACCAGTCGGTGGCTGTGCGCTTG
Crz1p,GAATGGCTG
Crz1p,GGGTGGCTG
Crz1p,GNGGCKCA
Crz1p,GGGGCTG
Crz1p,GAGCCC
Crz1p,CAGCCAC
Ino4p,ATGTGAAAT
Ino4p,CATGTGAAAT
Ino4p,WYTTCAYRTGS
Ino4p,TYTTCACATGY
Ino4p,CACATGC
Ino4p,TTCATATGCAA
Ino4p,TTCATATGCA
Ino4p,TTCATATGC
Ino4p,TTCACGTGCT
Ino4p,TTCACGTGCA
Ino4p,TTCACGTGC
Ino4p,TTCACATTCT
Ino4p,TTCACATTCA
Ino4p,TTCACATGCTG
Ino4p,TTCACATGCTA
Ino4p,TTCACATGCT
Ino4p,TTCACATGCGG
Ino4p,TTCACATGCGC
Ino4p,TTCACATGCG
Ino4p,TTCACATGCCG
Ino4p,TTCACATGCCA
Ino4p,TTCACATGCC
Ino4p,TTCACATGCAT
Ino4p,TTCACANGCA
Ino4p,TTCACANGC
Ino4p,TTCACAGGC
Ino4p,TNCACATGCTT
Ino4p,TNCACATGCCA
Ino4p,TNCACATGCAC
Ino4p,TGCATATGCAA
Ino4p,TGCACATGGC
Ino4p,TGCACATGCTG
Ino4p,TGCACATGCTA
Ino4p,TGCACATGCGC
Ino4p,TGCACATGCG
Ino4p,TGCACATG
Ino4p,TCNCNTGCT
Ino4p,TCATGTGCGC
Ino4p,TCACGTGCT
Ino4p,TCACATGTG
Ino4p,TCACATGT
Ino4p,TCACATGNC
Ino4p,TCACATGGCG
Ino4p,TCACATGGC
Ino4p,TCACATGGAC
Ino4p,TCACATGG
Ino4p,TCACATGCCA
Ino4p,TCACATGCAT
Ino4p,TCACATGCAA
Ino4p,TCACATG
Ino4p,GGCACATGG
Ino4p,GGCACATGCGC
Ino4p,GGCACATGCAA
Ino4p,GGCACATG
Ino4p,CNCATGCC
Ino4p,CNCACATGCAT
Ino4p,CGCACATGCTA
Ino4p,CATATGCAA
Ino4p,CACGTGCAT
Ino4p,CACATGGA
Ino4p,CACATGG
Ino4p,CACATGCTG
Ino4p,CACANGCA
Ino4p,ATCACGTGCT
Ino4p,ATCACATGGAC
Ino4p,ATCACATGGA
Ino4p,ATCACATGCTG
Ino4p,ATCACATGCG
Ino4p,ATCACANGC
Ino4p,AGCACATGG
Ino4p,AGCACATGCTT
Ino4p,AGCACATGCTA
Ino4p,AGCACATGCGC
Ino4p,AGCACATGCG
Ino4p,AGCACATGCCG
Ino4p,AGCACATGCCA
Ino4p,AGCACATGCAA
Ino4p,ACATGCCA
Ino4p,ACATGCAG
Ino4p,TTCACATTC
Ino4p,TTCACATGCAC
Ino4p,TGCATATGCA
Ino4p,TGCATATGC
Ino4p,TGCACATGT
Ino4p,TGCACATGGCG
Ino4p,TGCACATGG
Ino4p,TCATGTGC
Ino4p,TCATATGNAA
Ino4p,TCATATGC
Ino4p,TCACGTGC
Ino4p,TCACGTG
Ino4p,GNCACATGCGG
Ino4p,GNCACATGCG
Ino4p,GNCACATGCAA
Ino4p,GGCACATGTG
Ino4p,GGCACATGT
Ino4p,GGCACATGCG
Ino4p,GCATATGC
Ino4p,CNCACATGG
Ino4p,CGCACATGNC
Ino4p,CGCACATGGAC
Ino4p,CGCACATGCG
Ino4p,CGCACATG
Ino4p,CATATGCA
Ino4p,CACATTCT
Ino4p,CACATTCA
Ino4p,CACATGCTA
Ino4p,CACATGCAG
Ino4p,ATCACGTGCAT
Ino4p,ATCACGTGCA
Ino4p,ATCACGTGC
Ino4p,ATCACATGG
Ino4p,ATCACATGCTT
Ino4p,ATCACANGCA
Ino4p,ATCACANG
Ino4p,AGCACATGCAT
Ino4p,ACATGCTA
Ino4p,ACATGCNG
Ino4p,ACATGCCG
Ino4p,TTCACGTGCAT
Ino4p,TTCACATGCAG
Ino4p,TNCACATGCG
Ino4p,TNCACATGCAG
Ino4p,TGCACATGGA
Ino4p,TGCACATGCTT
Ino4p,TGCACATGCC
Ino4p,TGCACATGCAA
Ino4p,tCACGTGca
Ino4p,TCACATGGA
Ino4p,TCACATGCTT
Ino4p,TCACATGCGG
Ino4p,GNCACATGT
Ino4p,GGCACATGNC
Ino4p,GGCACATGCTG
Ino4p,GGCACATGCTA
Ino4p,GGCACATGCAG
Ino4p,CACATGCAT
Ino4p,ATCACGTGNAA
Ino4p,ATCACGTG
Ino4p,ATCACATGT
Ino4p,ATCACATGCCA
Ino4p,ATCACATGCAG
Ino4p,ATCACATGCAA
Ino4p,ATCACATG
Ino4p,AGCACATGNC
Ino4p,AGCACATGGC
Ino4p,AGCACATGGAC
Ino4p,ACATGCAA
Ino4p,CNCACATGGC
Rtg1p,GTCAC
Rtg1p,GGTAC
Rtg1p,TCGGAAAAACTA
Rtg1p,TGGAAAAAA
Rtg1p,CNNAAAAAATA
Rtg1p,TCGGAAAANC
Rtg1p,CCGGAGAAA
Rtg1p,TCGGAAAANCT
Rtg1p,CACGGAAAAAT
Rtg1p,CGGAACAAAA
Rtg1p,CTCGGAAAAACTA
Rtg1p,TCGGATAAACT
Rtg1p,TCGGAAAA
Rtg1p,TCCGGAAAAACTA
Rtg1p,CCGGAAAAAA
Rtg1p,TCGGAAAAACTC
Rtg1p,TCCGGAAAAACTT
Rtg1p,CCGGAAAA
Rtg1p,GTGGAAAAAC
Rtg1p,ATGGAAAAAC
Rtg1p,GAGAAAAAT
Rtg1p,ACGGAAAAAT
Rtg1p,ACGGAAAAAAAA
Rtg1p,ACGGAAAAAAA
Rtg1p,TCGGATAAAT
Rtg1p,GAGAAAAA
Rtg1p,CGGAGAA
Rtg1p,ACGGAAAANCT
Rtg1p,CCNGNAAAA
Rtg1p,ACGGAGAAAAG
Rtg1p,CACGGAAAAACAAT
Rtg1p,TCGGAGAAAAA
Rtg1p,CTCGGAAAAATT
Rtg1p,TCGGAAAAATT
Rtg1p,CCGGAAAAA
Rtg1p,ACCGGAACAAA
Rtg1p,ACCGGAAAAAAA
Rtg1p,CTCGGAAAAAAAA
Rtg1p,CCGNAANAA
Rtg1p,CTCGGAAAAAC
Rtg1p,ACGGAAAAA
Rtg1p,GTGGAAAAAAAG
Rtg1p,GAAAAAC
Rtg1p,CGGAAAA
Rtg1p,GGAAAAATT
Rtg1p,GTGGAAAAATTC
Rtg1p,GGAANAAT
Rtg1p,CGGAANAACCT
Rtg1p,CCGGAAAAAC
Rtg1p,CGGAAAAACAAT
Rtg1p,CCGGAGAAAAG
Rtg1p,AGGAAAAAAAG
Rtg1p,ACCGGAAAAACTG
Rtg1p,CGGAANAAT
Rtg1p,AAAGGAAAAACAA
Rtg1p,GGAAAAAT
Rtg1p,CAGGAANAAT
Rtg1p,TCGGAAAAACCT
Rtg1p,GGAAAAA
Rtg1p,CCGNAANAAC
Rtg1p,ACGGAAAANC
Rtg1p,CGGAAAAATG
Rtg1p,GAAAAACT
Rtg1p,GTGGAAAAATG
Rtg1p,CNGNAAAACT
Rtg1p,CCGGAGAA
Rtg1p,TCGGAAAAACTT
Rtg1p,AAAGGAAAAAAAC
Rtg1p,TGGAAAAATT
Rtg1p,CGGATAAAT
Rtg1p,AAAGGAAAAAAAG
Cin5p,TTACTAA
Azf1p,AAGAAAAA
Azf1p,AAAAGAAA
Sfl1p,AGAANTTCC
Yrr1p,WCCGYKKWW
Tea1p,CGGN{10}CCG
Tye7p,TCACGTG
Tye7p,TCAGCTGA
Tye7p,GTCACGAG
Tye7p,GGTTACGT
Tye7p,GACATCAC
Tye7p,CTATCTTG
Tye7p,CATGCTTT
Tye7p,CATGCCAC
Tye7p,CAGCTGCT
Tye7p,ATGTCACG
Tye7p,ATCATATC
Tye7p,ATCACNCCA
Tye7p,AGATCACGTGGT
Tye7p,ACATGATG
Tye7p,TTCCCTTT
Tye7p,TTCCCGCT
Tye7p,TTACGTCA
Tye7p,TGTCACGTTC
Tye7p,TGTCACGTGCA
Tye7p,TCNCGTGGT
Tye7p,TCCCCTTG
Tye7p,TCACNTGGT
Tye7p,TCACGTGAT
Tye7p,TCACGCGCT
Tye7p,TCACGCGCG
Tye7p,TCACGATC
Tye7p,TCACGAGA
Tye7p,TCACATGA
Tye7p,GTCCGGTT
Tye7p,GTCCCGTG
Tye7p,GTCACGTGCT
Tye7p,GTCACGTGC
Tye7p,GTCACGTCA
Tye7p,GTCACCTGC
Tye7p,GTCACCTGAG
Tye7p,GTCACCTG
Tye7p,GTCACATGGT
Tye7p,GTCACATGCTTT
Tye7p,GGCAGTTG
Tye7p,GCTCNCGTG
Tye7p,GCTCACGTGT
Tye7p,GCTCACGTGCT
Tye7p,GCGTCATCACGTCATCCGAA
Tye7p,GATCACGTGTTT
Tye7p,GATCACGCGC
Tye7p,GAGTGATG
Tye7p,GACCACGCCCCTTCTT
Tye7p,CTTTACGTCACGTGG
Tye7p,CTTTACGT
Tye7p,CTGGTGGA
Tye7p,CTGACATCACCC
Tye7p,CTGACATCAC
Tye7p,CTCGTGGT
Tye7p,CTCCCGCT
Tye7p,CTCCCCTT
Tye7p,CTCCACGTG
Tye7p,CTCACGTGGT
Tye7p,CTCACGTGCC
Tye7p,CTCACGTAA
Tye7p,CGTCACCTGCG
Tye7p,CGTCAAGTCACGTT
Tye7p,CGACGTCAC
Tye7p,CCGGTTTT
Tye7p,CCCTTCTT
Tye7p,CCCTGAAT
Tye7p,CCCCTGAA
Tye7p,CCACGTGCT
Tye7p,CCACGTGCA
Tye7p,CCACGCCAT
Tye7p,CATTCCGTCAGCTGATA
Tye7p,CATCAGGTG
Tye7p,CATCAGGT
Tye7p,CATCAGCTGA
Tye7p,CATCAGCT
Tye7p,CATCACNAT
Tye7p,CATCACGTGGT
Tye7p,CATCACGT
Tye7p,CATCACGATC
Tye7p,CATCACCCCA
Tye7p,CATCACCC
Tye7p,CATCACAT
Tye7p,CAGCTGTT
Tye7p,CACTTGAC
Tye7p,CACGTTTC
Tye7p,CACGTTGT
Tye7p,CACGTTCTC
Tye7p,CACGTTCT
Tye7p,CACGTGAA
Tye7p,CACGCTTT
Tye7p,CACGCGCG
Tye7p,CACGCATG
Tye7p,CACGAGAT
Tye7p,CACCTTCC
Tye7p,CACCTGCG
Tye7p,CACCACGT
Tye7p,CACCACGCTG
Tye7p,CACCACGCT
Tye7p,CACCACGCGG
Tye7p,CACATGTTA
Tye7p,CACATGGT
Tye7p,CACATGCTTT
Tye7p,CACATGCT
Tye7p,CACATGATG
Tye7p,CACATCAGCTGGTGGA
Tye7p,CACATCACGTGCA
Tye7p,CACATCAC
Tye7p,CAATGGAG
Tye7p,CAATCACGTTTTC
Tye7p,CAATCACG
Tye7p,ATTCAGTCACGTTC
Tye7p,ATGTCACGTGTTT
Tye7p,ATGAATTT
Tye7p,ATCATCACGGT
Tye7p,ATCAGGTG
Tye7p,ATCAGCTGCT
Tye7p,ATCACGTGAT
Tye7p,ATCACGAG
Tye7p,ATCACCTGA
Tye7p,ATCACCCCA
Tye7p,ATCACCCC
Tye7p,ATCACATGGT
Tye7p,ATCACATGA
Tye7p,ANCACGAGA
Tye7p,AGTCNCGTG
Tye7p,AGGTGTTT
Tye7p,AGCAAGCC
Tye7p,ACGTTCTC
Tye7p,ACGTGCGC
Tye7p,ACGTCACGTAA
Tye7p,ACGATCTG
Tye7p,ACGAGATT
Tye7p,ACGAGAGC
Tye7p,ACCACGCT
Tye7p,AATCACGAT
Tye7p,AATCACGAGATGGTG
Tye7p,AACCTGCC
Tye7p,AACATCACGCGA
Tye7p,AACATCACG
Tye7p,AACATCAC
Tye7p,TGTCACGTA
Tye7p,TCCACGTG
Tye7p,TCATCACGTGT
Tye7p,TCATCACGTGCA
Tye7p,GTCACGTTC
Tye7p,GTCACGAGCT
Tye7p,GCTCACGTGGT
Tye7p,GCTCACGTGCTC
Tye7p,CTTTACGTCA
Tye7p,CGTCACGTGAA
Tye7p,CGTCACCTGC
Tye7p,CGTCACCTG
Tye7p,CATCAGCTGTT
Tye7p,CATCACATGTTA
Tye7p,CATCACATGA
Tye7p,CATCACATG
Tye7p,CACGTGGT
Tye7p,CACGCCAC
Tye7p,CACATGAT
Tye7p,CACATCACGTGAA
Tye7p,CACATCACGCTTT
Tye7p,ATGTCACGTGCA
Tye7p,ATGTCACGTCA
Tye7p,ATGAATTTCATCACGTGC
Tye7p,ATCACGAT
Tye7p,AGCGTCACGTGAA
Tye7p,AGATCACGTGA
Tye7p,ACCACGCGG
Tye7p,AACATCACGTTCTC
Tye7p,TCACGAGAT
Tye7p,TCACCTGCG
Tye7p,GTCACGTGGT
Tye7p,GTCACGTC
Tye7p,GTCACATGAT
Tye7p,GCCACGTGCT
Tye7p,GCCACGTGC
Tye7p,GATTACATCACGTGAA
Tye7p,CGTCACGTT
Tye7p,CGGTGATG
Tye7p,CATCACGTTC
Tye7p,CACGTCAC
Tye7p,CAATCACGGTTA
Tye7p,ATGTCACGTAA
Tye7p,ATCAGCTGT
Tye7p,ATCACGTGT
Tye7p,ATCACCTGC
Tye7p,ATCACATGCTTT
Tye7p,ATCACATG
Tye7p,ACGTGTTT
Tye7p,ACCACGCTG
Tye7p,ACATGTTA
Tye7p,AACCTCAA
Tye7p,AAAAAGATCACGCGACT
Hap5p,TNATTGGT
Pip2p,"CGGN{3}TNRN{8,12}CCG"
Pip2p,CCGNNNTA
Pip2p,TAAATCCGA
Pip2p,TCCGAGAT
Pip2p,AAACTCCGAG
Pip2p,TTAACGCCG
Pip2p,TTAACCCCGAG
Pip2p,AAACTCCGA
Pip2p,TAAAGCCGCCG
Pip2p,TATCCCCG
Pip2p,TTAACTCCGAATTCC
Pip2p,TTATCCCCGC
Pip2p,TAAAGCCGA
Pip2p,TTAACGCCGT
Pip2p,TAACCCCGA
Pip2p,TTAACCCCG
Pip2p,TAACTCCGAGAT
Pip2p,TTAAATCCGA
Pip2p,TAAAGCCG
Pip2p,TTAAGTCCGAAAGTGA
Pip2p,TAACTCCGAG
Pip2p,TGAACGCCG
Pip2p,AACTCCGAA
Pip2p,TGAACGCCGT
Pip2p,TTAAGTCCG
Pip2p,AAACTCCGAA
Pip2p,TATCTCCG
Pip2p,TTATCGCCG
Pip2p,TATCGCCG
Pip2p,CTTATTCC
Pip2p,AAACTCCGG
Gal4p,CGGN{11}CCG
Usv1p,AGGGG
Usv1p,TCAGGGGT
Usv1p,TCAGGTAC
Aft2p,YRCACCCR
Aft2p,TGCACCC
Aft2p,GGCACCC
Aft2p,CGCACCC
Rds2p,AAAANCGG
Rds2p,ANAAAATCGGAATA
Rds2p,AAATCTC
Rds2p,AAAANCGGATACGG
Rds2p,TATCGGG
Rlm1p,CTAWWWWTAG
Rlm1p,TAWWWWTAGM
Gcr1p,CTTCC
Gcr1p,CWTCC
Gcr1p,TTTTTCCTT
Gcr1p,TTTCCTT
Gcr1p,TTCNTNTTT
Gcr1p,TTCCTTA
Gcr1p,TTCCACTA
Gcr1p,TTCAGCTTCCTCTATT
Gcr1p,TTCAGCT
Gcr1p,TGCCAGT
Gcr1p,TGCCACG
Gcr1p,GCTTCCTCTTT
Gcr1p,GCTTCCACTA
Gcr1p,GCATCCACTA
Gcr1p,GAAGTAA
Gcr1p,CTTCCTCAA
Gcr1p,CTTCCTAT
Gcr1p,CTTCCCCT
Gcr1p,ATCCTCTT
Gcr1p,TTTTTCC
Gcr1p,TTNCTNTTTT
Gcr1p,TTGCTGC
Gcr1p,TTCTTCCTCT
Gcr1p,TTCCCCTTT
Gcr1p,TTCCAAC
Gcr1p,TCTCTCC
Gcr1p,TCCCGCC
Gcr1p,TCCACTA
Gcr1p,GTCTGCT
Gcr1p,GGCCTCG
Gcr1p,GCTTCCTCTT
Gcr1p,GCTTCCTCTATT
Gcr1p,CTTCCTCTTTT
Gcr1p,CTTCCCCTT
Gcr1p,CTTCCCC
Gcr1p,CTTCCACT
Gcr1p,CCCCTTT
Gcr1p,CCCCTGT
Gcr1p,CATCCTC
Gcr1p,ATCCACTA
Gcr1p,AGTGCCA
Gcr1p,TTCTTCC
Gcr1p,TTCCTCTA
Gcr1p,TCCACTT
Gcr1p,GATTCCACTA
Gcr1p,CAACTCT
Gcr1p,ATTCCTC
Met31p,AAACTGTGG
Met31p,AAACTGTG
Met31p,CTGTGGC
Haa1p,GGCGAGGGG
Haa1p,GGCGAGAGG
Haa1p,GGCGCGGGG
Haa1p,GGCCAGGGG
Haa1p,AGCGAGGGG
Haa1p,SMGGSG
Haa1p,GAGGCG
Rox1p,TCTATTGTTTCCC
Rox1p,YYYATTGTTCTC
Rox1p,ACAAT
Arr1p,TGATTACTAATCA
Arr1p,TGATTAATAATCA
Oaf1p,"CGGN{3}TNRN{8,12}CCG"
Oaf1p,CGGNNNTAA
Oaf1p,TTTCTTCT
Oaf1p,TTCCTCATTAACGCCGTTT
Oaf1p,TTATTTCCG
Oaf1p,TTATTTCC
Oaf1p,TTATTGCC
Oaf1p,TTATTCTC
Oaf1p,TTATCTCCGC
Oaf1p,TTATCTCC
Oaf1p,TTATCGCC
Oaf1p,TTATCCCCGC
Oaf1p,TTATCCCCG
Oaf1p,TTAAGTCCG
Oaf1p,TTAACTCCGAATTC
Oaf1p,TTAACGCCG
Oaf1p,TTAACCCCGAGTGT
Oaf1p,TCTCCGCGGAANGA
Oaf1p,TCCGGCCG
Oaf1p,TCCGAGATNG
Oaf1p,TCCGAGATG
Oaf1p,TCCGAGAT
Oaf1p,TCCCCGCG
Oaf1p,TCATCTCC
Oaf1p,TATTTCCGG
Oaf1p,TATTCCCG
Oaf1p,TAGCGCCGG
Oaf1p,TAACGCCGCTTCG
Oaf1p,TAAATCCGAGGAG
Oaf1p,TAAATCCG
Oaf1p,TAAAGCCGCCGTGC
Oaf1p,TAAAGCCG
Oaf1p,TAAACTCCGG
Oaf1p,TAAACTCCGAA
Oaf1p,TAAACNCCG
Oaf1p,GTTAACTCCGCG
Oaf1p,GTTAACTCCGAA
Oaf1p,GTCATCCG
Oaf1p,GGGCTTTC
Oaf1p,GGGAGGTCC
Oaf1p,GGCTCCGCCG
Oaf1p,GGCGGCTA
Oaf1p,GCGGATAT
Oaf1p,GCGCTCCG
Oaf1p,GCCGTCCG
Oaf1p,GATAGCCG
Oaf1p,GAAACTCCGAG
Oaf1p,CTTATTCCCGT
Oaf1p,CTTAATGCCGA
Oaf1p,CTTAACCCCGG
Oaf1p,CTGCCCCG
Oaf1p,CTATTTCC
Oaf1p,CTATCCCCGC
Oaf1p,CTATCCCCGAG
Oaf1p,CTAACCCCGA
Oaf1p,CNGAGAAAG
Oaf1p,CGGGCATA
Oaf1p,CGGCTGCACTAACTCCGAGATTG
Oaf1p,CGCTTATACCCG
Oaf1p,CGCGGATG
Oaf1p,CGCCGTTT
Oaf1p,CGCACTTC
Oaf1p,CCGGGCTG
Oaf1p,CCGCTTCG
Oaf1p,CCGCGGAA
Oaf1p,CCGCGCTC
Oaf1p,CCGCGCCG
Oaf1p,CCGCGATA
Oaf1p,CCGAGGAG
Oaf1p,CCGAGCGC
Oaf1p,CCGAGATG
Oaf1p,CCAACTCCGAAGGCCG
Oaf1p,CCAACTCCGAA
Oaf1p,CAGCGTTATCGCCGG
Oaf1p,CAATTCCG
Oaf1p,CAAGCCCT
Oaf1p,ATTTCCGGCCG
Oaf1p,ATTTCCGAGATGA
Oaf1p,ATTATTTCCGG
Oaf1p,ATTATTTCCGCG
Oaf1p,ATTATCGCCGT
Oaf1p,ATTATCGCCG
Oaf1p,ATTAACGCCGG
Oaf1p,AGTGGTTA
Oaf1p,AGGTCCGCGGAA
Oaf1p,AGCGTTATTGCCG
Oaf1p,AGCGTTAT
Oaf1p,AGCGCCGG
Oaf1p,AGCCGCCG
Oaf1p,ACTTAACCCCG
Oaf1p,AAGTCCGC
Oaf1p,AACGCCGGT
Oaf1p,AACGCCGG
Oaf1p,AAACTCCGG
Oaf1p,AAACTAACTCCGAGCCCGG
Oaf1p,AAAATCTCCG
Oaf1p,TTTCTTCTATTTCCGT
Oaf1p,TTTCCGCGGAA
Oaf1p,TTCTCCGG
Oaf1p,TTCTCCGC
Oaf1p,TTCCTCCGG
Oaf1p,TTCCTCCG
Oaf1p,TTCCTCAT
Oaf1p,TTATTTCCGT
Oaf1p,TTATTTCCGA
Oaf1p,TTATACCCGC
Oaf1p,TTAACTCCGGC
Oaf1p,TTAACCCC
Oaf1p,TCCGAGATGA
Oaf1p,TCACTCCGGC
Oaf1p,TATCTCCGCG
Oaf1p,TATCTCCG
Oaf1p,TATCGCCGG
Oaf1p,TAGCGCCG
Oaf1p,TAAGTCCG
Oaf1p,TAAAACCGATTTCCGAAAAA
Oaf1p,GGGTGGTCTGCCCCG
Oaf1p,GGGAGGTC
Oaf1p,GGGAGAACTCCGATA
Oaf1p,GGCTCCGC
Oaf1p,GGCCTCCG
Oaf1p,GAAACTCCGAA
Oaf1p,GAAACTCC
Oaf1p,CTTATTCCCG
Oaf1p,CTCTCCGA
Oaf1p,CTCCTCCGG
Oaf1p,CTCCGTTT
Oaf1p,CTCCGCCG
Oaf1p,CTAACTCCGG
Oaf1p,CTAACTCC
Oaf1p,CNGCGTTANC
Oaf1p,CGGCTGCA
Oaf1p,CGGATCTC
Oaf1p,CGCTTTTATTTCCG
Oaf1p,CGCTTTTA
Oaf1p,CGAGCCCGG
Oaf1p,CCGCGCTCCG
Oaf1p,CCGCATAACTCCGG
Oaf1p,CCGAGAAA
Oaf1p,CCGAATTC
Oaf1p,CCGAAAAA
Oaf1p,CAATTCCGCGCCG
Oaf1p,ATTTCCGG
Oaf1p,ATTTCCGAAAAA
Oaf1p,ATTATTTCCG
Oaf1p,ATTATCCCCGCGCCG
Oaf1p,ATCCCCGCG
Oaf1p,ACTCCGGC
Oaf1p,ACTCCGCG
Oaf1p,ACCGCCGG
Oaf1p,AACCCCGG
Oaf1p,TTCGTCCGAGATGA
Oaf1p,TTATCGCCGT
Oaf1p,TTATCCCC
Oaf1p,TTAATGCCGTCATCCG
Oaf1p,TTAAGTCCGC
Oaf1p,TTAACTCCGCCG
Oaf1p,TTAACGCCGT
Oaf1p,TTAACGCC
Oaf1p,TATCGCCG
Oaf1p,GTTAACTCCG
Oaf1p,GGGCTTTCTATTGCCG
Oaf1p,GGGAGGTCCGC
Oaf1p,CTTTCTCC
Oaf1p,CCGCACTT
Oaf1p,CAGCGTTA
Oaf1p,ATTAACGCCG
Oaf1p,ATCGCCGG
Oaf1p,AGAACTCC
Oaf1p,GGGTCTTAT
Oaf1p,CTCATTAA
Oaf1p,CTAACTCCGT
Oaf1p,ATTTCCGT
Oaf1p,AAAATCTC
Rtg3p,GTCAC
Rtg3p,GGTAC
Rtg3p,GCGTCATTC
Rtg3p,TCGGTCATTCTTTT
Rtg3p,GTCATCC
Rtg3p,GTCATC
Rtg3p,GAGTCA
Rtg3p,TTCATT
Rtg3p,CATTCG
Rtg3p,GCGTCA
Rtg3p,TCTTTT
Rtg3p,GTCATTC
Rtg3p,ACCTTCATTCG
Rtg3p,TCATTCG
Rtg3p,GTGTCATGC
Rtg3p,GTCATT
Rtg3p,ATCATGACTTTT
Rtg3p,GTGTCATCC
Hap3p,TNATTGGT
Pdr3p,TCCGCGGA
Pdr3p,TCCGTGGA
Pdr3p,TCCACGGA
Pdr3p,TCCGCGCA
Pdr3p,TCCGCGGG
Pdr3p,TTCCGCGGAW
Reb1p,CCGGGTAA
Reb1p,TGTTACCCGT
Reb1p,CCGGGTGGAT
Nrg2p,MAGGGTCC
Tec1p,TTCTCACATTCTTC
Tec1p,CATTCT
Tec1p,CATTCC
Tec1p,CATTCTT
Tec1p,RMATTCYY
Tec1p,ACATTCTTACATTCTT
Tec1p,GAATGT
Tec1p,RGAATGT
Sip4p,TCCATTSRTCCGR
Sip4p,NCCDTYNVNCCGN
Sip4p,YCCNYTNRRCCGN
Sip4p,TGGATCG
Sip4p,TGAATNNAA
Sip4p,TCATCGGCCCAATGGAAGC
Sip4p,GNAAAAGG
Sip4p,GCTCAATGGA
Sip4p,GCAAATGGCCTGG
Sip4p,GATCAATGGA
Sip4p,GANTAATGG
Sip4p,GAATGGA
Sip4p,GAAATGGA
Sip4p,CGGATGAATGGAA
Sip4p,CGGATCA
Sip4p,CGAATGGG
Sip4p,CGAATGGA
Sip4p,CCAATGGA
Sip4p,CCAAAGG
Sip4p,CAAATGGA
Sip4p,AAATGGATCG
Sip4p,CAAATGG
Zap1p,ACCYYNAAGGT
Zap1p,ACCGTCACTGC
Zap1p,TTCTTTATGGT
Zap1p,ATAACC
Zap1p,ACCTTNAAGGT
Zap1p,ACCTTGAAGGT
Mal63p,MGCN{9}MGS
Mal63p,CGGN{9}CGG
Mal63p,CGCN{9}CGC
Mal63p,CGGN{9}CGC